Workbook

Sheet Sheet1
E1: OU
B2: Year | C2: Year | D2: Month | E2: HDAN | F2: PPAN | G2: Natural gas | I2: URALS Crude Oil | J2: Аммиак | L2: Азотын хүчил | N2: Аммиак | O2: Азотын хүчил | P2: PPAN | Q2: HDAN | X2: Азот (Бласт ХХК) | Y2: Азот (Очир-Ундраа Групп) | Z2: Азот (Спейшлмайнинг сервис) | AA2: Уралхим (Спейшлмайнинг Сервис ХХК) | AB2: Уралхим (Бест вестерн тех ХХК)
A3: 44774 | B3: 2022-08 | C3: 2022 | D3: 8 | E3: 500 | F3: 550 | G3: 3.4 | I3: 69.7 | J3: 915 | L3: 652 | M3: 567 | N3: 458 | O3: 326 | P3: 500 | Q3: 550
A4: 44805 | B4: 2022-09 | C4: 2022 | D4: 9 | E4: 500 | F4: 530 | G4: 3.6 | I4: 75.7 | J4: 1076 | L4: 904 | M4: 752 | N4: 538 | O4: 452 | P4: 500 | Q4: 530 | R4: 0.07 | S4: 0.09 | T4: 0.18 | U4: 0.38 | V4: 0 | W4: -0.04
A5: 44835 | B5: 2022-10 | C5: 2022 | D5: 10 | E5: 500 | F5: 530 | G5: 3.7 | I5: 82.1 | J5: 885 | L5: 974 | M5: 764 | N5: 443 | O5: 487 | P5: 500 | Q5: 530 | R5: 0.03 | S5: 0.08 | T5: -0.18 | U5: 0.08 | V5: 0 | W5: 0
A6: 44866 | B6: 2022-11 | C6: 2022 | D6: 11 | E6: 500 | F6: 550 | G6: 3.6 | I6: 70.8 | J6: 772 | L6: 821 | M6: 648 | N6: 386 | O6: 410 | P6: 500 | Q6: 550 | R6: -0.04 | S6: -0.14 | T6: -0.13 | U6: -0.16 | V6: 0 | W6: 0.04
A7: 44896 | B7: 2022-12 | C7: 2022 | D7: 12 | E7: 500 | F7: 540 | G7: 3.5 | I7: 73.6 | J7: 518 | L7: 936 | M7: 678 | N7: 259 | O7: 468 | P7: 500 | Q7: 540 | R7: -0.02 | S7: 0.04 | T7: -0.33 | U7: 0.14 | V7: 0 | W7: -0.02
A8: 44927 | B8: 2023-01 | C8: 2023 | D8: 1 | E8: 500 | F8: 550 | G8: 3.3 | I8: 96.2 | J8: 915 | L8: 779 | M8: 646 | N8: 458 | O8: 389 | P8: 500 | Q8: 550 | R8: -0.06 | S8: 0.31 | T8: 0.77 | U8: -0.17 | V8: 0 | W8: 0.02
A9: 44958 | B9: 2023-02 | C9: 2023 | D9: 2 | F9: 540 | G9: 3.3 | I9: 94.3 | J9: 633 | L9: 849 | M9: 642 | N9: 316 | O9: 424 | P9: 500 | Q9: 540 | R9: 0.01 | S9: -0.02 | T9: -0.31 | U9: 0.09 | V9: 0 | W9: -0.02
A10: 44986 | B10: 2023-03 | C10: 2023 | D10: 3 | E10: 460 | F10: 550 | G10: 3.4 | I10: 81.9 | J10: 553 | L10: 551 | M10: 441 | N10: 276 | O10: 276 | P10: 460 | Q10: 550 | R10: 0.04 | S10: -0.13 | T10: -0.13 | U10: -0.35 | V10: -0.08 | W10: 0.02
A11: 45017 | B11: 2023-04 | C11: 2023 | D11: 4 | F11: 550 | G11: 3.5 | I11: 79.4 | J11: 364 | L11: 588 | M11: 432 | N11: 182 | O11: 294 | P11: 460 | Q11: 550 | R11: 0.02 | S11: -0.03 | T11: -0.34 | U11: 0.07 | V11: 0 | W11: 0
A12: 45047 | B12: 2023-05 | C12: 2023 | D12: 5 | E12: 460 | F12: 330 | G12: 3.6 | I12: 90.7 | J12: 356 | L12: 537 | M12: 399 | N12: 178 | O12: 268 | P12: 460 | Q12: 330 | R12: 0.01 | S12: 0.14 | T12: -0.02 | U12: -0.09 | V12: 0 | W12: -0.4
A13: 45078 | B13: 2023-06 | C13: 2023 | D13: 6 | E13: 300 | F13: 330 | G13: 3.6 | I13: 89.7 | J13: 257 | L13: 477 | M13: 344 | N13: 129 | O13: 239 | P13: 300 | Q13: 330 | R13: 0.01 | S13: -0.01 | T13: -0.28 | U13: -0.11 | V13: -0.35 | W13: 0
A14: 45108 | B14: 2023-07 | C14: 2023 | D14: 7 | E14: 300 | F14: 330 | G14: 3.5 | I14: 82.8 | J14: 252 | L14: 355 | M14: 266 | N14: 126 | O14: 177 | P14: 300 | Q14: 330 | R14: -0.04 | S14: -0.08 | T14: -0.02 | U14: -0.26 | V14: 0 | W14: 0
A15: 45139 | B15: 2023-08 | C15: 2023 | D15: 8 | E15: 250 | F15: 280 | G15: 3.4 | I15: 79.8 | J15: 245 | L15: 448 | M15: 324 | N15: 122 | O15: 224 | P15: 250 | Q15: 280 | R15: -0.01 | S15: -0.04 | T15: -0.03 | U15: 0.26 | V15: -0.17 | W15: -0.15
A16: 45170 | B16: 2023-09 | C16: 2023 | D16: 9 | E16: 250 | F16: 280 | G16: 3.4 | I16: 72.2 | J16: 274 | L16: 451 | M16: 331 | N16: 137 | O16: 225 | P16: 250 | Q16: 280 | R16: -0.02 | S16: -0.1 | T16: 0.12 | U16: 0.01 | V16: 0 | W16: 0
A17: 45200 | B17: 2023-10 | C17: 2023 | D17: 10 | E17: 250 | F17: 280 | G17: 3.3 | I17: 80 | J17: 371 | L17: 377 | M17: 301 | N17: 185 | O17: 188 | P17: 250 | Q17: 280 | R17: -0.01 | S17: 0.11 | T17: 0.35 | U17: -0.16 | V17: 0 | W17: 0
A18: 45231 | B18: 2023-11 | C18: 2023 | D18: 11 | E18: 300 | F18: 280 | G18: 3.3 | I18: 63.7 | J18: 392 | L18: 507 | M18: 386 | N18: 196 | O18: 253 | P18: 300 | Q18: 280 | R18: -0.02 | S18: -0.2 | T18: 0.06 | U18: 0.34 | V18: 0.2 | W18: 0
A19: 45261 | B19: 2023-12 | C19: 2023 | D19: 12 | E19: 300 | F19: 330 | G19: 3.2 | I19: 57.3 | J19: 424 | L19: 581 | M19: 438 | N19: 212 | O19: 290 | P19: 300 | Q19: 330 | R19: -0.03 | S19: -0.1 | T19: 0.08 | U19: 0.15 | V19: 0 | W19: 0.18
A20: 45292 | B20: 2024-01 | C20: 2024 | D20: 1 | E20: 310 | F20: 330 | G20: 3 | I20: 71.5 | J20: 373 | L20: 464 | M20: 356 | N20: 186 | O20: 232 | P20: 310 | Q20: 330 | R20: -0.06 | S20: 0.25 | T20: -0.12 | U20: -0.2 | V20: 0.03 | W20: 0 | X20: #DIV/0! | Y20: 330 | Z20: #DIV/0! | AA20: 308.33333 | AB20: 315
A21: 45323 | B21: 2024-02 | C21: 2024 | D21: 2 | E21: 310 | F21: 330 | G21: 3 | I21: 74.6 | J21: 417 | L21: 442 | M21: 349 | N21: 208 | O21: 221 | P21: 310 | Q21: 330 | R21: 0.02 | S21: 0.04 | T21: 0.12 | U21: -0.05 | V21: 0 | W21: 0 | X21: 330 | Y21: 330 | Z21: #DIV/0! | AA21: 305 | AB21: 285
A22: 45352 | B22: 2024-03 | C22: 2024 | D22: 3 | E22: 300 | F22: 330 | G22: 2.9 | I22: 77.3 | J22: 381 | L22: 456 | M22: 352 | N22: 191 | O22: 228 | P22: 300 | Q22: 330 | R22: -0.04 | S22: 0.04 | T22: -0.09 | U22: 0.03 | V22: -0.03 | W22: 0 | X22: 330 | Y22: 330 | Z22: #DIV/0! | AA22: 305 | AB22: 286.875
A23: 45383 | B23: 2024-04 | C23: 2024 | D23: 4 | E23: 300 | F23: 330 | G23: 2.7 | I23: 75.2 | J23: 371 | L23: 551 | M23: 410 | N23: 185 | O23: 276 | P23: 300 | Q23: 330 | R23: -0.05 | S23: -0.03 | T23: -0.03 | U23: 0.21 | V23: 0 | W23: 0 | X23: 330 | Y23: 330 | Z23: #DIV/0! | AA23: 313.625 | AB23: 297.5
A24: 45413 | B24: 2024-05 | C24: 2024 | D24: 5 | E24: 260 | F24: 300 | G24: 2.7 | I24: 70.9 | J24: 362 | L24: 514 | M24: 385 | N24: 181 | O24: 257 | P24: 260 | Q24: 300 | R24: -0.03 | S24: -0.06 | T24: -0.02 | U24: -0.07 | V24: -0.13 | W24: -0.09 | X24: 319 | Y24: 230 | Z24: #DIV/0! | AA24: #DIV/0! | AB24: #DIV/0!
A25: 45444 | B25: 2024-06 | C25: 2024 | D25: 6 | E25: 230 | F25: 270 | G25: 2.6 | I25: 80 | J25: 337 | L25: 630 | M25: 454 | N25: 169 | O25: 315 | P25: 230 | Q25: 270 | R25: -0.01 | S25: 0.13 | T25: -0.07 | U25: 0.23 | V25: -0.12 | W25: -0.1 | X25: #DIV/0! | Y25: #DIV/0! | Z25: #DIV/0! | AA25: 296.2 | AB25: 260
A26: 45474 | B26: 2024-07 | C26: 2024 | D26: 7 | E26: 258 | F26: 272 | G26: 2.7 | I26: 75.7 | J26: 377 | L26: 664 | M26: 482 | N26: 188 | O26: 332 | P26: 258 | Q26: 272 | R26: 0.03 | S26: -0.05 | T26: 0.12 | U26: 0.05 | V26: 0.12 | W26: 0.01 | X26: #DIV/0! | Y26: #DIV/0! | Z26: #DIV/0! | AA26: 295 | AB26: 260
A27: 45505 | B27: 2024-08 | C27: 2024 | D27: 8 | E27: 250 | F27: 277 | G27: 3 | I27: 75 | J27: 403 | L27: 698 | M27: 508 | N27: 202 | O27: 349 | P27: 250 | Q27: 277 | R27: 0.11 | S27: -0.01 | T27: 0.07 | U27: 0.05 | V27: -0.03 | W27: 0.02 | X27: #DIV/0! | Y27: #DIV/0! | Z27: #DIV/0! | AA27: 334.54545 | AB27: 270
A28: 45536 | B28: 2024-09 | C28: 2024 | D28: 9 | E28: 229 | F28: 252 | G28: 3.4 | I28: 72.5 | J28: 401 | L28: 534 | M28: 405 | N28: 200 | O28: 267 | P28: 229 | Q28: 252 | R28: 0.12 | S28: -0.03 | T28: -0.01 | U28: -0.23 | V28: -0.09 | W28: -0.09 | X28: #DIV/0! | Y28: #DIV/0! | Z28: #DIV/0! | AA28: 366.25 | AB28: 270
A29: 45566 | B29: 2024-10 | C29: 2024 | D29: 10 | E29: 259 | F29: 265 | G29: 3.6 | I29: 68.6 | J29: 426 | L29: 469 | M29: 368 | N29: 213 | O29: 234 | P29: 259 | Q29: 270 | R29: 0.05 | S29: -0.05 | T29: 0.06 | U29: -0.12 | V29: 0.13 | W29: 0.07 | X29: #DIV/0! | Y29: #DIV/0! | Z29: #DIV/0! | AA29: 329.89474 | AB29: 330
A30: 45597 | B30: 2024-11 | C30: 2024 | D30: 11 | E30: 265 | F30: 270 | G30: 2.8 | I30: 69.2 | J30: 427 | L30: 416 | M30: 335 | N30: 214 | O30: 208 | P30: 265 | Q30: 270 | R30: -0.22 | S30: 0.01 | T30: 0 | U30: -0.11 | V30: 0.02 | W30: 0 | X30: #DIV/0! | Y30: #DIV/0! | Z30: #DIV/0! | AA30: 350 | AB30: 330
A31: 45627 | B31: 2024-12 | C31: 2024 | D31: 12 | E31: 244 | F31: 264 | G31: 2.4 | I31: 70.4 | J31: 454 | L31: 479 | M31: 379 | N31: 227 | O31: 239 | P31: 244 | Q31: 270 | R31: -0.15 | S31: 0.02 | T31: 0.06 | U31: 0.15 | V31: -0.08 | W31: 0 | X31: 328 | Y31: 335 | Z31: 342 | AA31: 295.82609 | AB31: 257
A32: 45658 | B32: 2025-01 | C32: 2025 | D32: 1 | G32: 3.9 | I32: 71.6 | J32: 445 | L32: 518 | M32: 402 | N32: 222 | O32: 259 | P32: 276 | Q32: 301 | R32: 0.65 | S32: 0.02 | T32: -0.02 | U32: 0.08 | V32: 0.13 | W32: 0.12 | X32: 238 | Y32: #DIV/0! | Z32: 282 | AA32: #DIV/0! | AB32: #DIV/0!
A33: 45689 | B33: 2025-02 | C33: 2025 | D33: 2 | E33: 308 | F33: 309 | G33: 4.1 | I33: 67 | J33: 471 | L33: 586 | M33: 449 | N33: 235 | O33: 293 | P33: 308 | Q33: 310 | R33: 0.05 | S33: -0.06 | T33: 0.06 | U33: 0.13 | V33: 0.12 | W33: 0.03 | X33: #DIV/0! | Y33: 319 | Z33: 304 | AA33: 310 | AB33: #DIV/0!
A34: 45717 | B34: 2025-03 | C34: 2025 | D34: 3 | E34: 301 | F34: 311 | G34: 3.8 | I34: 66.5 | J34: 445 | L34: 350 | M34: 296 | N34: 222 | O34: 175 | P34: 301 | Q34: 311 | R34: -0.07 | S34: -0.01 | T34: -0.06 | U34: -0.4 | V34: -0.02 | W34: 0 | X34: 335 | Y34: 321 | Z34: 327 | AA34: 318 | AB34: #DIV/0!
A35: 45748 | B35: 2025-04 | C35: 2025 | D35: 4 | E35: 295 | F35: 299 | G35: 3.1 | I35: 55 | J35: 275 | L35: 409 | M35: 305 | N35: 137 | O35: 205 | P35: 305 | Q35: 315 | R35: -0.18 | S35: -0.17 | T35: -0.38 | U35: 0.17 | V35: 0.01 | W35: 0.01 | X35: 320 | Y35: 320 | Z35: 327 | AA35: 290 | AB35: 320
A36: 45778 | B36: 2025-05 | C36: 2025 | D36: 5 | E36: 321 | F36: 325 | G36: 3.7 | I36: 58.7 | J36: 279 | L36: 393 | M36: 295 | N36: 140 | O36: 197 | P36: 321 | Q36: 325 | R36: 0.18 | S36: 0.07 | T36: 0.02 | U36: -0.04 | V36: 0.05 | W36: 0.03 | X36: 330 | Y36: 334 | Z36: 338 | AA36: 330 | AB36: #DIV/0!
A37: 45809 | B37: 2025-06 | C37: 2025 | D37: 6 | E37: 308 | G37: 3.9 | I37: 65.5 | J37: 299 | L37: 393 | M37: 299 | N37: 150 | O37: 197 | P37: 308 | Q37: 315 | R37: 0.05 | S37: 0.11 | T37: 0.07 | U37: 0 | V37: -0.04 | W37: -0.03 | X37: 340 | Y37: #DIV/0! | Z37: 330 | AA37: #DIV/0! | AB37: 310
A38: 45839 | B38: 2025-07 | C38: 2025 | D38: 7 | E38: 278 | F38: 306 | G38: 3.6 | I38: 65.6 | J38: 313 | L38: 402 | M38: 306 | N38: 157 | O38: 201 | P38: 308 | Q38: 320 | R38: -0.07 | S38: 0 | T38: 0.05 | U38: 0.02 | V38: 0 | W38: 0.02 | X38: #DIV/0! | Y38: 310 | Z38: 311 | AA38: 360 | AB38: 301
A39: 45870 | B39: 2025-08 | C39: 2025 | D39: 8 | G39: 3 | I39: 65.1 | J39: 325 | L39: 404 | M39: 310 | N39: 163 | O39: 202 | P39: 370 | Q39: 370 | R39: -0.17 | S39: -0.01 | T39: 0.04 | U39: 0.01 | V39: 0.2 | W39: 0.16 | X39: #DIV/0! | Y39: #DIV/0! | Z39: 300 | AA39: 361.11111 | AB39: 340
A40: 45901 | B40: 2025-09 | C40: 2025 | D40: 9 | G40: 3.3 | I40: 65.8 | J40: 324 | L40: 417 | M40: 317 | N40: 162 | O40: 208 | P40: 373 | Q40: 391 | R40: 0.13 | S40: 0.01 | T40: 0 | U40: 0.03 | V40: 0.01 | W40: 0.06 | X40: 391 | Y40: 400 | Z40: 333 | AA40: #DIV/0! | AB40: 390
A41: 45931 | B41: 2025-10 | C41: 2025 | D41: 10 | E41: 375 | F41: 411 | G41: 4.1 | I41: 58.6 | J41: 350 | L41: 424 | M41: 326 | N41: 175 | O41: 212 | P41: 375 | Q41: 411 | R41: 0.21 | S41: -0.11 | T41: 0.08 | U41: 0.02 | V41: 0.01 | W41: 0.05 | X41: 410 | Y41: 410 | Z41: #DIV/0! | AA41: 390 | AB41: 360
A42: 45962 | B42: 2025-11 | C42: 2025 | D42: 11 | F42: 359 | G42: 4.7 | I42: 55.9 | J42: 365 | L42: 438 | M42: 338 | N42: 182 | O42: 219 | P42: 328 | Q42: 360 | R42: 0.17 | S42: -0.05 | T42: 0.04 | U42: 0.03 | V42: -0.13 | W42: -0.13 | X42: 340 | Y42: 360 | Z42: 340 | AA42: 340 | AB42: 300
A43: 45992 | B43: 2025-12 | C43: 2025 | D43: 12 | F43: 360 | G43: 4.1 | I43: 51.3 | J43: 377 | L43: 437 | M43: 340 | N43: 189 | O43: 219 | P43: 328 | Q43: 360 | R43: -0.14 | S43: -0.08 | T43: 0.03 | U43: 0 | V43: 0 | W43: 0 | X43: 349 | Y43: 352 | Z43: 340 | AA43: #DIV/0! | AB43: #DIV/0!
A44: 46023 | B44: 2026-01 | C44: 2026 | D44: 1 | G44: 4.3 | I44: 55.2 | J44: 380 | L44: 439 | M44: 341 | N44: 190 | O44: 220 | R44: 0.06 | S44: 0.08 | T44: 0.01 | U44: 0 | V44: -1 | W44: -1 | X44: 347 | Y44: 363 | Z44: 345 | AA44: #DIV/0! | AB44: 298
A45: 46054 | B45: 2026-02 | C45: 2026 | D45: 2 | G45: 3 | I45: 58.6 | J45: 381 | K45: 0.11 | L45: 439 | M45: 341 | N45: 191 | O45: 220 | R45: -0.31 | S45: 0.06 | T45: 0 | U45: 0 | V45: #DIV/0! | W45: #DIV/0! | X45: #DIV/0! | Y45: #DIV/0! | Z45: #DIV/0! | AA45: #DIV/0! | AB45: #DIV/0!
L47: Регресс
L48: Slope | P48: Std Error | Q48: R2 | R48: F
L49: -0.012 | P49: 0.0068 | Q49: 0.07403 | R49: 3.27777
L50: 0.00019
L64: 2 дохь үзүүлэлт 1 нэгжээр өсөхөд 1 дэхь үзүүлэлт slope хэмжээгээр өөрчлөгдөнө | P64: 8%-иар бодит гэж таамаглана | Q64: Үзүүлэлт 1-ийн хэлбэлзлийн зөвхөн R2 % нь URALS-аар тайлбарлагдана
G66: -0.012432394 | H66: 4.284877
G67: 0.006866978 | H67: 0.4972715
G68: 0.074027409 | H68: 0.47152898
G69: 3.2777685 | H69: 41
G70: 0.72877767 | H70: 9.1159228
L71: Корреляци | M71: Natural gas | N71: URALS Crude Oil | O71: Аммиак | P71: Азотын хүчил | Q71: HDAN | R71: PPAN
G72: 0.000188668 | H72: 3.310861 | L72: Natural gas | M72: 1 | N72: -0.3 | O72: 0.1 | P72: 0 | Q72: 0.3 | R72: 0.2
G73: 0.000392029 | H73: 0.18823182 | L73: URALS Crude Oil | M73: -0.3 | N73: 1 | O73: 0.3 | P73: 0.4 | Q73: 0.3 | R73: 0.3
G74: 0.005617333 | H74: 0.48863672 | L74: Аммиак | M74: 0.1 | N74: 0.4 | O74: 1 | P74: 0.8 | Q74: 0.7 | R74: 0.7
G75: 0.2316117 | H75: 41 | L75: Азотын хүчил | M75: 0 | N75: 0.3 | O75: 0.8 | P75: 1 | Q75: 0.7 | R75: 0.7
G76: 0.055300962 | H76: 9.7893995 | L76: Ammonia Nitrat | M76: 0.3 | N76: 0.3 | O76: 0.7 | P76: 0.7 | Q76: 1 | R76: 1
G78: -0.000114322 | H78: 3.4555975
G79: 0.000464694 | H79: 0.26108749
G80: 0.001474014 | H80: 0.48965367
G81: 0.060523773 | H81: 41
G82: 0.014511223 | H82: 9.8301892

Sheet month-unelgee
B2: date | C2: PPAN | D2: HDAN | E2: Baltic AN | F2: Ammonia | G2: Urea | H2: Natural_gas | I2: Brent | J2: PPAN | K2: AN | L2: Baltic AN | M2: Ammonia | N2: Urea | O2: Natural_gas | P2: Brent
B3: 46204 | C3: 576 | D3: 519 | E3: 417.5 | F3: 790 | G3: 406.13 | H3: 3.2 | K3: =(D3-D4)/D4 -> -0.078152753 | M3: =(F3-F4)/F4 -> -0.0125
B4: 46174 | C4: 670 | D4: 563 | E4: 500 | F4: 800 | G4: 629 | H4: 2.86 | K4: =(D4-D5)/D5 -> -0.067618369 | M4: =(F4-F5)/F5 -> 0.038961039
B5: 46143 | C5: 713.85 | D5: 603.83 | E5: 495.5 | F5: 770 | G5: 629 | H5: 2.86 | K5: =(D5-D6)/D6 -> 0.092904977 | M5: =(F5-F6)/F6 -> 0.12737921
B6: 46113 | C6: 567 | D6: 552.5 | E6: 473.25 | F6: 683 | G6: 719.38 | H6: 3.0764 | I6: 112.27 | K6: =(D6-D7)/D7 -> 0.18817204 | M6: =(F6-F7)/F7 -> 0.17253219
B7: 46082 | C7: 495 | D7: 465 | E7: 395 | F7: 582.5 | G7: 603.75 | H7: 3.05475 | I7: 102.73 | J7: =(C7-C8)/C8 -> 0.35989011 | K7: =(D7-D8)/D8 -> 0.3362069 | L7: =(E7-E8)/E8 -> 0.20380952 | M7: =(F7-F8)/F8 -> 0.18124208 | N7: =(G7-G8)/G8 -> 0.42268041 | O7: =(H7-H8)/H8 -> -0.025582545 | P7: =(I7-I8)/I8 -> 0.47606937 | R7: HDAN = 0.080991528041*HDAN(-1) + 0.303754553817*HDAN(-2) - 0.25338201366*AMMONIA(-1) + 0.269148503584*AMMONIA(-2) + 0.00378757678133*BALTIC_AN(-1) + 0.43547234846*BALTIC_AN(-2) - 12.2555082812*NATURAL_GAS(-1) + 15.7710625006*NATURAL_GAS(-2) + 0.517281394734*UREA(-1) - 0.299449478792*UREA(-2) - 3.00478655786
B8: 46054 | C8: 364 | D8: 348 | E8: 328.125 | F8: 493.125 | G8: 424.375 | H8: 3.13495 | I8: 69.597 | J8: =(C8-C9)/C9 -> 0.0083102493 | K8: =(D8-D9)/D9 -> 0.0057803468 | L8: =(E8-E9)/E9 -> 0.1697861 | M8: =(F8-F9)/F9 -> -0.051682692 | N8: =(G8-G9)/G9 -> 0.12031415 | O8: =(H8-H9)/H9 -> -0.25214282 | P8: =(I8-I9)/I9 -> 0.077451498
B9: 46023 | C9: 361 | D9: 346 | E9: 280.5 | F9: 520 | G9: 378.8 | H9: 4.19191 | I9: 64.594091 | J9: =(C9-C10)/C10 -> 0.0027777778 | K9: =(D9-D10)/D10 -> 0.054878049 | L9: =(E9-E10)/E10 -> 0.084057971 | M9: =(F9-F10)/F10 -> 0.046540881 | N9: =(G9-G10)/G10 -> 0.09400722 | O9: =(H9-H10)/H10 -> -0.053459143 | P9: =(I9-I10)/I10 -> 0.045027356
B10: 45992 | C10: 360 | D10: 328 | E10: 258.75 | F10: 496.875 | G10: 346.25 | H10: 4.4286625 | I10: 61.810909 | J10: =(C10-C11)/C11 -> 0 | K10: =(D10-D11)/D11 -> 0 | L10: =(E10-E11)/E11 -> 0.045454545 | M10: =(F10-F11)/F11 -> 0.10724234 | N10: =(G10-G11)/G11 -> -0.05846363 | O10: =(H10-H11)/H11 -> -0.010058872 | P10: =(I10-I11)/I11 -> -0.029557033
B11: 45962 | C11: 360 | D11: 328 | E11: 247.5 | F11: 448.75 | G11: 367.75 | H11: 4.4736625 | I11: 63.6935 | J11: =(C11-C12)/C12 -> -0.12408759 | K11: =(D11-D12)/D12 -> -0.12533333 | L11: =(E11-E12)/E12 -> 0.010204082 | M11: =(F11-F12)/F12 -> 0.121875 | N11: =(G11-G12)/G12 -> 0.0061559508 | O11: =(H11-H12)/H12 -> 0.33629921 | P11: =(I11-I12)/I12 -> -0.004498257
B12: 45931 | C12: 411 | D12: 375 | E12: 245 | F12: 400 | G12: 365.5 | H12: 3.3478 | I12: 63.981304 | J12: =(C12-C13)/C13 -> 0.051150895 | K12: =(D12-D13)/D13 -> 0.0053619303 | L12: =(E12-E13)/E13 -> -0.12694878 | M12: =(F12-F13)/F13 -> 0.13475177 | N12: =(G12-G13)/G13 -> -0.059504664 | O12: =(H12-H13)/H13 -> 0.1218464 | P12: =(I12-I13)/I13 -> -0.053658266
B13: 45901 | C13: 391 | D13: 373 | E13: 280.625 | F13: 352.5 | G13: 388.625 | H13: 2.9841875 | I13: 67.609091 | J13: =(C13-C14)/C14 -> 0.056756757 | K13: =(D13-D14)/D14 -> 0.0081081081 | L13: =(E13-E14)/E14 -> -0.090945902 | M13: =(F13-F14)/F14 -> 0.089644513 | N13: =(G13-G14)/G14 -> -0.12432402 | O13: =(H13-H14)/H14 -> 0.023678803 | P13: =(I13-I14)/I14 -> 0.0054250735
B14: 45870 | C14: 370 | D14: 370 | E14: 308.7 | F14: 323.5 | G14: 443.8 | H14: 2.91516 | I14: 67.244286 | J14: =(C14-C15)/C15 -> 0.15625 | K14: =(D14-D15)/D15 -> 0.2012987 | L14: =(E14-E15)/E15 -> -0.016095618 | M14: =(F14-F15)/F15 -> 0.060655738 | N14: =(G14-G15)/G15 -> 0.06235787 | O14: =(H14-H15)/H15 -> -0.13409374 | P14: =(I14-I15)/I15 -> -0.033357351
B15: 45839 | C15: 320 | D15: 308 | E15: 313.75 | F15: 305 | G15: 417.75 | H15: 3.3666 | I15: 69.564783 | J15: =(C15-C16)/C16 -> 0.015873016 | K15: =(D15-D16)/D16 -> 0 | L15: =(E15-E16)/E16 -> 0.28388747 | M15: =(F15-F16)/F16 -> 0.051724138 | N15: =(G15-G16)/G16 -> 0.092156863 | O15: =(H15-H16)/H16 -> -0.08111483 | P15: =(I15-I16)/I16 -> -0.0040357553 | S15: 3-р сар | U15: 4-р сар | W15: 4-р сар | Y15: 6-р сар | AA15: 7-р сар | AC15: 7-р сар
B16: 45809 | C16: 315 | D16: 308 | E16: 244.375 | F16: 290 | G16: 382.5 | H16: 3.6637875 | I16: 69.846667 | J16: =(C16-C17)/C17 -> -0.030769231 | K16: =(D16-D17)/D17 -> -0.040498442 | L16: =(E16-E17)/E17 -> 0.13927739 | M16: =(F16-F17)/F17 -> -0.041322314 | N16: =(G16-G17)/G17 -> 0.08974359 | O16: =(H16-H17)/H17 -> 0.065652386 | P16: =(I16-I17)/I17 -> 0.089775231 | S16: Томъёоны үнэлгээ | T16: Тооцоолсон үнэлгээ | U16: Томъёоны үнэлгээ | V16: Тооцоолсон үнэлгээ | W16: Томъёоны үнэлгээ | X16: Тооцоолсон үнэлгээ
B17: 45778 | C17: 325 | D17: 321 | E17: 214.5 | F17: 302.5 | G17: 351 | H17: 3.43807 | I17: 64.092727 | J17: =(C17-C18)/C18 -> 0.031746032 | K17: =(D17-D18)/D18 -> 0.052459016 | L17: =(E17-E18)/E18 -> -0.044011142 | M17: =(F17-F18)/F18 -> 0 | N17: =(G17-G18)/G18 -> 0.028571429 | O17: =(H17-H18)/H18 -> -0.010121717 | P17: =(I17-I18)/I18 -> -0.042352622 | R17: hdan | S17: =0.080991528041*D8 + 0.303754553817*D9 - 0.25338201366*F8 + 0.269148503584*F9 + 0.00378757678133*E8 + 0.43547234846*E9 - 12.2555082812*H8 + 15.7710625006*H9 + 0.517281394734*G8- 0.299449478792*G9 - 3.00478655786 -> 402.46065 | T17: =S17*1.15 -> 462.82974 | U17: =0.080991528041*D7 + 0.303754553817*D8 - 0.25338201366*F7 + 0.269148503584*F8 + 0.00378757678133*E7 + 0.43547234846*E8 - 12.2555082812*H7 + 15.7710625006*H8 + 0.517281394734*G7 - 0.299449478792*G8 - 3.00478655786 -> 467.1109 | V17: =U17*1.15 -> 537.17753 | W17: =0.080991528041*D6 + 0.303754553817*D7 - 0.25338201366*F6 + 0.269148503584*F7 + 0.00378757678133*E6 + 0.43547234846*E7 - 12.2555082812*H6 + 15.7710625006*H7 + 0.517281394734*G6 - 0.299449478792*G7 - 3.00478655786 -> 542.31511 | X17: =W17*1.15 -> 623.66238 | Y17: =0.080991528041*D5 + 0.303754553817*D6 - 0.25338201366*F5 + 0.269148503584*F6 + 0.00378757678133*E5 + 0.43547234846*E6 - 12.2555082812*H5 + 15.7710625006*H6 + 0.517281394734*G5 - 0.299449478792*G6 - 3.00478655786 -> 533.8324
B18: 45748 | C18: 315 | D18: 305 | E18: 224.375 | F18: 302.5 | G18: 341.25 | H18: 3.473225 | I18: 66.927273 | J18: =(C18-C19)/C19 -> 0.012861736 | K18: =(D18-D19)/D19 -> 0.013289037 | L18: =(E18-E19)/E19 -> -0.05026455 | M18: =(F18-F19)/F19 -> -0.020242915 | N18: =(G18-G19)/G19 -> -0.031914894 | O18: =(H18-H19)/H19 -> -0.16073241 | P18: =(I18-I19)/I19 -> -0.067104265
B19: 45717 | C19: 311 | D19: 301 | E19: 236.25 | F19: 308.75 | G19: 352.5 | H19: 4.1384 | I19: 71.741429 | J19: =(C19-C20)/C20 -> 0.0032258065 | K19: =(D19-D20)/D20 -> -0.022727273 | L19: =(E19-E20)/E20 -> -0.015625 | M19: =(F19-F20)/F20 -> -0.10018215 | N19: =(G19-G20)/G20 -> -0.081433225 | O19: =(H19-H20)/H20 -> 0.099961792 | P19: =(I19-I20)/I20 -> -0.045902829
B20: 45689 | C20: 310 | D20: 308 | E20: 240 | F20: 343.125 | G20: 383.75 | H20: 3.7623125 | I20: 75.193 | J20: =(C20-C21)/C21 -> 0.029900332 | K20: =(D20-D21)/D21 -> 0.11594203 | L20: =(E20-E21)/E21 -> 0.08401084 | M20: =(F20-F21)/F21 -> -0.13895859 | N20: =(G20-G21)/G21 -> 0.11393324 | O20: =(H20-H21)/H21 -> 0.0082763177 | P20: =(I20-I21)/I21 -> -0.038377834
B21: 45658 | C21: 301 | D21: 276 | E21: 221.4 | F21: 398.5 | G21: 344.5 | H21: 3.73143 | I21: 78.193913 | J21: =(C21-C22)/C22 -> 0.11481481 | K21: =(D21-D22)/D22 -> 0.13114754 | L21: =(E21-E22)/E22 -> 0.0057921635 | M21: =(F21-F22)/F22 -> -0.039759036 | N21: =(G21-G22)/G22 -> 0.1024 | O21: =(H21-H22)/H22 -> 0.1027051 | P21: =(I21-I22)/I22 -> 0.067818379 | R21: PPAN = 0.280558110643*PPAN(-1) + 0.15041224611*PPAN(-2) - 0.188812610795*AMMONIA(-1) + 0.259276330013*AMMONIA(-2) + 0.249001945549*BALTIC_AN(-1) - 0.0911542671384*BALTIC_AN(-2) - 11.8844751787*NATURAL_GAS(-1) + 5.64643067713*NATURAL_GAS(-2) + 0.185696475006*UREA(-1) + 0.247343345212*UREA(-2) - 3.75210437468 | AD21: PPAN = 0.128313602811*PPAN(-1) - 0.463209414397*PPAN(-2) + 0.379422553201*HDAN(-1) + 0.600579570329*HDAN(-2) + 0.515891500331*BALTIC_AN(-1) - 0.0731750301725*BALTIC_AN(-2) - 0.0618573337801*AMMONIA(-1) + 0.179051366468*AMMONIA(-2) + 0.173303170283*UREA(-1) - 0.143779748569*UREA(-2) - 9.81173830345*NATURAL_GAS(-1) + 1.28656399894*NATURAL_GAS(-2) + 3.13148084685
B22: 45627 | C22: 270 | D22: 244 | E22: 220.125 | F22: 415 | G22: 312.5 | H22: 3.3838875 | I22: 73.227727 | J22: =(C22-C23)/C23 -> 0 | K22: =(D22-D23)/D23 -> -0.079245283 | L22: =(E22-E23)/E23 -> -0.075105042 | M22: =(F22-F23)/F23 -> -0.034883721 | N22: =(G22-G23)/G23 -> -0.012013911 | O22: =(H22-H23)/H23 -> 0.15587693 | P22: =(I22-I23)/I23 -> -0.0038205634
B23: 45597 | C23: 270 | D23: 265 | E23: 238 | F23: 430 | G23: 316.3 | H23: 2.92755 | I23: 73.508571 | J23: =(C23-C24)/C24 -> 0 | K23: =(D23-D24)/D24 -> 0.023166023 | L23: =(E23-E24)/E24 -> -0.018556701 | M23: =(F23-F24)/F24 -> 0 | N23: =(G23-G24)/G24 -> -0.017320388 | O23: =(H23-H24)/H24 -> 0.126284 | P23: =(I23-I24)/I24 -> -0.023356338
B24: 45566 | C24: 270 | D24: 259 | E24: 242.5 | F24: 430 | G24: 321.875 | H24: 2.5993 | I24: 75.266522 | J24: =(C24-C25)/C25 -> 0.071428571 | K24: =(D24-D25)/D25 -> 0.13100437 | L24: =(E24-E25)/E25 -> -0.022670025 | M24: =(F24-F25)/F25 -> 0.10610932 | N24: =(G24-G25)/G25 -> 0.066252588 | O24: =(H24-H25)/H25 -> 0.094874292 | P24: =(I24-I25)/I25 -> 0.030235076
B25: 45536 | C25: 252 | D25: 229 | E25: 248.125 | F25: 388.75 | G25: 301.875 | H25: 2.3740625 | I25: 73.057619 | J25: =(C25-C26)/C26 -> -0.090252708 | K25: =(D25-D26)/D26 -> -0.084 | L25: =(E25-E26)/E26 -> 0.038179916 | M25: =(F25-F26)/F26 -> 0.1251809 | N25: =(G25-G26)/G26 -> -0.0037128713 | O25: =(H25-H26)/H26 -> 0.14240876 | P25: =(I25-I26)/I26 -> -0.075438119
B26: 45505 | C26: 277 | D26: 250 | E26: 239 | F26: 345.5 | G26: 303 | H26: 2.07812 | I26: 79.018636 | J26: =(C26-C27)/C27 -> 0.018382353 | K26: =(D26-D27)/D27 -> -0.031007752 | L26: =(E26-E27)/E27 -> 0.074157303 | M26: =(F26-F27)/F27 -> 0.13278689 | N26: =(G26-G27)/G27 -> -0.018623482 | O26: =(H26-H27)/H27 -> -0.075044787 | P26: =(I26-I27)/I27 -> -0.059846964
B27: 45474 | C27: 272 | D27: 258 | E27: 222.5 | F27: 305 | G27: 308.75 | H27: 2.246725 | I27: 84.048696 | J27: =(C27-C28)/C28 -> 0.0074074074 | K27: =(D27-D28)/D28 -> 0.12173913 | L27: =(E27-E28)/E28 -> 0.095384615 | M27: =(F27-F28)/F28 -> 0.0472103 | N27: =(G27-G28)/G28 -> 0.046610169 | O27: =(H27-H28)/H28 -> -0.19999466 | P27: =(I27-I28)/I28 -> 0.013642424
B28: 45444 | C28: 270 | D28: 230 | E28: 203.125 | F28: 291.25 | G28: 295 | H28: 2.8083875 | I28: 82.9175 | J28: =(C28-C29)/C29 -> -0.1 | K28: =(D28-D29)/D29 -> -0.11538462 | L28: =(E28-E29)/E29 -> 0.1130137 | M28: =(F28-F29)/F29 -> 0.04954955 | N28: =(G28-G29)/G29 -> 0.1752988 | O28: =(H28-H29)/H29 -> 0.17451696 | P28: =(I28-I29)/I29 -> -0.0016424638
B29: 45413 | C29: 300 | D29: 260 | E29: 182.5 | F29: 277.5 | G29: 251 | H29: 2.3911 | I29: 83.053913 | J29: =(C29-C30)/C30 -> -0.090909091 | K29: =(D29-D30)/D30 -> -0.13333333 | L29: =(E29-E30)/E30 -> -0.11246201 | M29: =(F29-F30)/F30 -> 0.042743072 | N29: =(G29-G30)/G30 -> -0.061682243 | O29: =(H29-H30)/H30 -> 0.35143842 | P29: =(I29-I30)/I30 -> -0.066542991 | S29: 3-р сар | U29: 4-р сар
B30: 45383 | C30: 330 | D30: 300 | E30: 205.625 | F30: 266.125 | G30: 267.5 | H30: 1.7693 | I30: 88.974545 | J30: =(C30-C31)/C31 -> 0 | K30: =(D30-D31)/D31 -> 0 | L30: =(E30-E31)/E31 -> -0.10597826 | M30: =(F30-F31)/F31 -> -0.12745902 | N30: =(G30-G31)/G31 -> -0.11716172 | O30: =(H30-H31)/H31 -> 0.013745409 | P30: =(I30-I31)/I31 -> 0.047234574 | S30: Томъёоны үнэлгээ | T30: Тооцоолсон үнэлгээ | U30: Томъёоны үнэлгээ | V30: Тооцоолсон үнэлгээ
B31: 45352 | C31: 330 | D31: 300 | E31: 230 | F31: 305 | G31: 303 | H31: 1.74531 | I31: 84.961429 | J31: =(C31-C32)/C32 -> 0 | K31: =(D31-D32)/D32 -> -0.032258065 | L31: =(E31-E32)/E32 -> 0.098507463 | M31: =(F31-F32)/F32 -> -0.061538462 | N31: =(G31-G32)/G32 -> -0.013832384 | O31: =(H31-H32)/H32 -> -0.062392221 | P31: =(I31-I32)/I32 -> 0.038702691 | R31: ppan | S31: =0.280558110643*C8 + 0.15041224611*C9 - 0.188812610795*F8 + 0.259276330013*F9 + 0.249001945549*E8 - 0.0911542671384*E9 - 11.8844751787*H8 + 5.64643067713*H9 + 0.185696475006*G8 + 0.247343345212*G9 - 3.75210437468+20 -> 429.43103 | T31: =S31*1.15 -> 493.84568 | U31: =0.280558110643*C7+ 0.15041224611*C8 - 0.188812610795*F7 + 0.259276330013*F8 + 0.249001945549*E7 - 0.0911542671384*E8 - 11.8844751787*H7 + 5.64643067713*H8 + 0.185696475006*G7 + 0.247343345212*G8 - 3.75210437468+20 -> 494.67004 | V31: =U31*1.15 -> 568.87055 | W31: =0.280558110643*E7+ 0.15041224611*E8 - 0.188812610795*H7 + 0.259276330013*H8 + 0.249001945549*G7 - 0.0911542671384*G8 - 11.8844751787*J7 + 5.64643067713*J8 + 0.185696475006*I7 + 0.247343345212*I8 - 3.75210437468+20 -> 320.37051 | X31: =W31*1.15 -> 368.42609 | Y31: =0.280558110643*C5+ 0.15041224611*C6 - 0.188812610795*F5 + 0.259276330013*F6 + 0.249001945549*E5 - 0.0911542671384*E6 - 11.8844751787*H5 + 5.64643067713*H6 + 0.185696475006*G5 + 0.247343345212*G6 - 3.75210437468+20 -> 691.8678
B32: 45323 | C32: 330 | D32: 310 | E32: 209.375 | F32: 325 | G32: 307.25 | H32: 1.86145 | I32: 81.795714 | J32: =(C32-C33)/C33 -> 0 | K32: =(D32-D33)/D33 -> 0 | L32: =(E32-E33)/E33 -> 0.15120275 | M32: =(F32-F33)/F33 -> -0.23529412 | N32: =(G32-G33)/G33 -> 0.13796296 | O32: =(H32-H33)/H33 -> -0.33319602 | P32: =(I32-I33)/I33 -> 0.033949112
B33: 45292 | C33: 330 | D33: 310 | E33: 181.875 | F33: 425 | G33: 270 | H33: 2.7916 | I33: 79.11 | J33: =(C33-C34)/C34 -> 0 | K33: =(D33-D34)/D34 -> 0.033333333 | L33: =(E33-E34)/E34 -> 0.030453258 | M33: =(F33-F34)/F34 -> -0.082073434 | N33: =(G33-G34)/G34 -> -0.044247788 | O33: =(H33-H34)/H34 -> 0.082972549 | P33: =(I33-I34)/I34 -> 0.020235083 | S33: =0.128313602811*C8 - 0.463209414397*C9 + 0.379422553201*D8 + 0.600579570329*D9 + 0.515891500331*E8 - 0.0731750301725*E9 - 0.0618573337801*F8 + 0.179051366468*F9 + 0.173303170283*G8 - 0.143779748569*G9 - 9.81173830345*H8 + 1.28656399894*H9 + 3.13148084685 -> 427.52884 | T33: =S33*1.3 -> 555.7875
B34: 45261 | C34: 330 | D34: 300 | E34: 176.5 | F34: 463 | G34: 282.5 | H34: 2.57772 | I34: 77.540952 | J34: =(C34-C35)/C35 -> 0.17857143 | K34: =(D34-D35)/D35 -> 0 | L34: =(E34-E35)/E35 -> -0.10178117 | M34: =(F34-F35)/F35 -> -0.15818182 | N34: =(G34-G35)/G35 -> -0.17367459 | O34: =(H34-H35)/H35 -> -0.1798145 | P34: =(I34-I35)/I35 -> -0.056522896
B35: 45231 | C35: 280 | D35: 300 | E35: 196.5 | F35: 550 | G35: 341.875 | H35: 3.14285 | I35: 82.186364 | J35: =(C35-C36)/C36 -> 0 | K35: =(D35-D36)/D36 -> 0.2 | L35: =(E35-E36)/E36 -> -0.10934844 | M35: =(F35-F36)/F36 -> 0 | N35: =(G35-G36)/G36 -> -0.040350877 | O35: =(H35-H36)/H36 -> 0.0080506776 | P35: =(I35-I36)/I36 -> -0.076015024
B36: 45200 | C36: 280 | D36: 250 | E36: 220.625 | F36: 550 | G36: 356.25 | H36: 3.11775 | I36: 88.947727 | J36: =(C36-C37)/C37 -> 0 | K36: =(D36-D37)/D37 -> 0 | L36: =(E36-E37)/E37 -> -0.13818359 | M36: =(F36-F37)/F37 -> 0.22767857 | N36: =(G36-G37)/G37 -> 0.020481237 | O36: =(H36-H37)/H37 -> 0.16020527 | P36: =(I36-I37)/I37 -> -0.04020149
B37: 45170 | C37: 280 | D37: 250 | E37: 256 | F37: 448 | G37: 349.1 | H37: 2.68724 | I37: 92.673333 | J37: =(C37-C38)/C38 -> 0 | K37: =(D37-D38)/D38 -> 0 | L37: =(E37-E38)/E38 -> 0.18381503 | M37: =(F37-F38)/F38 -> 0.3423221 | N37: =(G37-G38)/G38 -> -0.023496503 | O37: =(H37-H38)/H38 -> 0.01841472 | P37: =(I37-I38)/I38 -> 0.088120532
B38: 45139 | C38: 280 | D38: 250 | E38: 216.25 | F38: 333.75 | G38: 357.5 | H38: 2.63865 | I38: 85.168261 | J38: =(C38-C39)/C39 -> -0.15151515 | K38: =(D38-D39)/D39 -> -0.16666667 | L38: =(E38-E39)/E39 -> 0.44769874 | M38: =(F38-F39)/F39 -> 0.2961165 | N38: =(G38-G39)/G39 -> 0.16925593 | O38: =(H38-H39)/H39 -> 0.00069686411 | P38: =(I38-I39)/I39 -> 0.063154081
B39: 45108 | C39: 330 | D39: 300 | E39: 149.375 | F39: 257.5 | G39: 305.75 | H39: 2.6368125 | I39: 80.109048 | J39: =(C39-C40)/C40 -> 0 | K39: =(D39-D40)/D40 -> 0 | L39: =(E39-E40)/E40 -> 0.094322344 | M39: =(F39-F40)/F40 -> 0.25 | N39: =(G39-G40)/G40 -> 0.20326643 | O39: =(H39-H40)/H40 -> 0.073668813 | P39: =(I39-I40)/I40 -> 0.068476794
B40: 45078 | C40: 330 | D40: 300 | E40: 136.5 | F40: 206 | G40: 254.1 | H40: 2.45589 | I40: 74.975 | J40: =(C40-C41)/C41 -> 0 | K40: =(D40-D41)/D41 -> -0.34782609 | L40: =(E40-E41)/E41 -> -0.2227758 | M40: =(F40-F41)/F41 -> -0.14611399 | N40: =(G40-G41)/G41 -> -0.14046512 | O40: =(H40-H41)/H41 -> 0.067963994 | P40: =(I40-I41)/I41 -> -0.010196936
B41: 45047 | C41: 330 | D41: 460 | E41: 175.625 | F41: 241.25 | G41: 295.625 | H41: 2.2996 | I41: 75.747391 | J41: =(C41-C42)/C42 -> -0.4 | K41: =(D41-D42)/D42 -> 0 | L41: =(E41-E42)/E42 -> -0.14224664 | M41: =(F41-F42)/F42 -> -0.10854503 | N41: =(G41-G42)/G42 -> 0.032751092 | O41: =(H41-H42)/H42 -> 0.051029503 | P41: =(I41-I42)/I42 -> -0.093236553
B42: 45017 | C42: 550 | D42: 460 | E42: 204.75 | F42: 270.625 | G42: 286.25 | H42: 2.18795 | I42: 83.536 | J42: =(C42-C43)/C43 -> 0 | K42: =(D42-D43)/D43 -> 0 | L42: =(E42-E43)/E43 -> -0.22059383 | M42: =(F42-F43)/F43 -> -0.36843641 | N42: =(G42-G43)/G43 -> -0.029661017 | O42: =(H42-H43)/H43 -> -0.10119214 | P42: =(I42-I43)/I43 -> 0.053995282
B43: 44986 | C43: 550 | D43: 460 | E43: 262.7 | F43: 428.5 | G43: 295 | H43: 2.43428 | I43: 79.256522 | J43: =(C43-C44)/C44 -> 0.018518519 | K43: =(D43-D44)/D44 -> -0.08 | L43: =(E43-E44)/E44 -> -0.02613531 | M43: =(F43-F44)/F44 -> -0.35925234 | N43: =(G43-G44)/G44 -> -0.092307692 | O43: =(H43-H44)/H44 -> 0.0049042272 | P43: =(I43-I44)/I44 -> -0.052323896
B44: 44958 | C44: 540 | D44: 500 | E44: 269.75 | F44: 668.75 | G44: 325 | H44: 2.4224 | I44: 83.6325 | J44: =(C44-C45)/C45 -> -0.018181818 | K44: =(D44-D45)/D45 -> 0 | L44: =(E44-E45)/E45 -> -0.23745583 | M44: =(F44-F45)/F45 -> -0.18569254 | N44: =(G44-G45)/G45 -> -0.2238806 | O44: =(H44-H45)/H45 -> -0.31112343 | P44: =(I44-I45)/I45 -> -0.005343821
B45: 44927 | C45: 550 | D45: 500 | E45: 353.75 | F45: 821.25 | G45: 418.75 | H45: 3.51645 | I45: 84.081818 | J45: =(C45-C46)/C46 -> 0.018518519 | K45: =(D45-D46)/D46 -> 0 | L45: =(E45-E46)/E46 -> -0.089680906 | M45: =(F45-F46)/F46 -> -0.081889324 | N45: =(G45-G46)/G46 -> -0.14801628 | O45: =(H45-H46)/H46 -> -0.40099549 | P45: =(I45-I46)/I46 -> 0.031638475
... B50: 44774 | C50: 550 | D50: 500 | E50: 326.375 | F50: 925 | G50: 511.5 | H50: 8.7203 | I50: 97.643043 | J50: =(C50-C51)/C51 -> #DIV/0! | K50: =(D50-D51)/D51 -> #DIV/0! | L50: =(E50-E51)/E51 -> #DIV/0! | M50: =(F50-F51)/F51 -> #DIV/0! | N50: =(G50-G51)/G51 -> #DIV/0! | O50: =(H50-H51)/H51 -> #DIV/0! | P50: =(I50-I51)/I51 -> #DIV/0!

Sheet weekly-forecast
D1: Current commodity price | K1: Monthly price | Q1: Weekly % | X1: Monthly % | AE1: Yearly %
A2: Date | B2: Year | C2: Month | D2: PPAN | E2: HDAN | F2: Baltic AN | G2: Ammonia | H2: Urea | I2: Natural_gas | J2: Brent | K2: PPAN | L2: HDAN | M2: Baltic AN | N2: Ammonia | O2: Urea | P2: Natural_gas | Q2: Baltic AN | R2: Ammonia | S2: Urea | T2: Natural_gas | U2: Brent | V2: PPAN | W2: HDAN | X2: Baltic AN | Y2: Ammonia | Z2: Urea | AA2: Natural_gas | AB2: Brent | AC2: PPAN | AD2: HDAN | AE2: Baltic AN | AF2: Ammonia | AG2: Urea | AH2: Natural_gas | AI2: Brent | AJ2: PPAN | AK2: HDAN | AM2: HDAN = 0.080991528041*HDAN(-1) + 0.303754553817*HDAN(-2) - 0.25338201366*AMMONIA(-1) + 0.269148503584*AMMONIA(-2) + 0.00378757678133*BALTIC_AN(-1) + 0.43547234846*BALTIC_AN(-2) - 12.2555082812*NATURAL_GAS(-1) + 15.7710625006*NATURAL_GAS(-2) + 0.517281394734*UREA(-1) - 0.299449478792*UREA(-2) - 3.00478655786
K3: =AVERAGE(D4:D6) -> 467.90461 | L3: =AVERAGE(E4:E6) -> 459.06484 | M3: =AVERAGE(F3:F6) -> 392.5 | N3: =AVERAGE(G3:G6) -> 770 | O3: =AVERAGE(H3:H6) -> 362 | P3: =AVERAGE(I3:I6) -> 3.239
A4: =A5+7 -> 46220 | B4: =YEAR(A4) -> 2026 | C4: =MONTH(A4) -> 7 | D4: =0.280558110643*D5 + 0.15041224611*D6 - 0.188812610795*G5 + 0.259276330013*G6 + 0.249001945549*F5 - 0.0911542671384*F6 - 11.8844751787*I5 + 5.64643067713*I6 + 0.185696475006*H5 + 0.247343345212*H6- 3.75210437468 -> 452.43013 | E4: =0.080991528041*E5 + 0.303754553817*E6 - 0.25338201366*G5 + 0.269148503584*G6 + 0.00378757678133*F5 + 0.43547234846*F6 - 12.2555082812*I5 + 15.7710625006*I6 + 0.517281394734*H5 - 0.299449478792*H6 - 3.00478655786 -> 450.86301
A5: =A6+7 -> 46213 | B5: =YEAR(A5) -> 2026 | C5: =MONTH(A5) -> 7 | D5: =0.280558110643*D6 + 0.15041224611*D7 - 0.188812610795*G6 + 0.259276330013*G7 + 0.249001945549*F6 - 0.0911542671384*F7 - 11.8844751787*I6 + 5.64643067713*I7 + 0.185696475006*H6 + 0.247343345212*H7- 3.75210437468 -> 463.55567 | E5: =0.080991528041*E6 + 0.303754553817*E7 - 0.25338201366*G6 + 0.269148503584*G7 + 0.00378757678133*F6 + 0.43547234846*F7 - 12.2555082812*I6 + 15.7710625006*I7 + 0.517281394734*H6 - 0.299449478792*H7 - 3.00478655786 -> 459.23858 | F5: 392.5 | G5: 770 | H5: 362 | I5: 3.239
A6: =A7+7 -> 46206 | B6: =YEAR(A6) -> 2026 | C6: =MONTH(A6) -> 7 | D6: =0.280558110643*D7 + 0.15041224611*D8 - 0.188812610795*G7 + 0.259276330013*G8 + 0.249001945549*F7 - 0.0911542671384*F8 - 11.8844751787*I7 + 5.64643067713*I8 + 0.185696475006*H7 + 0.247343345212*H8- 3.75210437468 -> 487.72803 | E6: =0.080991528041*E7 + 0.303754553817*E8 - 0.25338201366*G7 + 0.269148503584*G8 + 0.00378757678133*F7 + 0.43547234846*F8 - 12.2555082812*I7 + 15.7710625006*I8 + 0.517281394734*H7 - 0.299449478792*H8 - 3.00478655786 -> 467.09294 | F6: 392.5 | G6: 770 | H6: 362 | I6: 3.239
A7: =A8+7 -> 46199 | B7: =YEAR(A7) -> 2026 | C7: =MONTH(A7) -> 6 | D7: =0.280558110643*D8 + 0.15041224611*D9 - 0.188812610795*G8 + 0.259276330013*G9 + 0.249001945549*F8 - 0.0911542671384*F9 - 11.8844751787*I8 + 5.64643067713*I9 + 0.185696475006*H8 + 0.247343345212*H9- 3.75210437468 -> 516.60723 | E7: =0.080991528041*E8 + 0.303754553817*E9 - 0.25338201366*G8 + 0.269148503584*G9 + 0.00378757678133*F8 + 0.43547234846*F9 - 12.2555082812*I8 + 15.7710625006*I9 + 0.517281394734*H8 - 0.299449478792*H9 - 3.00478655786 -> 492.57218 | F7: 392.5 | G7: 770 | H7: 362 | I7: 3.239 | K7: =AVERAGE(D7:D10) -> 576.44977 | L7: =AVERAGE(E7:E10) -> 519.49285 | M7: =AVERAGE(F7:F10) -> 417.5 | N7: =AVERAGE(G7:G10) -> 790 | O7: =AVERAGE(H7:H10) -> 406.125 | P7: =AVERAGE(I7:I10) -> 3.20225 | Q7: =(F7-F8)/F8 -> -0.05988024 | R7: =(G7-G8)/G8 -> -0.025316456 | S7: =(H7-H8)/H8 -> -0.083544304 | T7: =(I7-I8)/I8 -> 0.015360502 | V7: =(D6-D7)/D7 -> -0.05590166 | W7: =(E6-E7)/E7 -> -0.051726911 | X7: =(F7-F11)/F11 -> -0.16042781 | Y7: =(G7-G11)/G11 -> -0.0375 | Z7: =(H7-H11)/H11 -> -0.33577982 | AA7: =(I7-I11)/I11 -> 0.068976898 | AC7: =(D7-D11)/D11 -> -0.23642268 | AD7: =(E7-E11)/E11 -> -0.16098818 | AE7: =(F7-F59)/F59 -> 0.30833333 | AF7: =(G7-G59)/G59 -> 1.6551724 | AG7: =(H7-H59)/H59 -> -0.16300578 | AH7: =(I7-I59)/I59 -> -0.081968142 | AI7: =(J7-J59)/J59 -> -1 | AJ7: =(D7-D59)/D59 -> 0.64002294 | AK7: =(E7-E59)/E59 -> 0.59926031
A8: =A9+7 -> 46192 | B8: =YEAR(A8) -> 2026 | C8: =MONTH(A8) -> 6 | D8: =0.280558110643*D9 + 0.15041224611*D10 - 0.188812610795*G9 + 0.259276330013*G10 + 0.249001945549*F9 - 0.0911542671384*F10 - 11.8844751787*I9 + 5.64643067713*I10 + 0.185696475006*H9 + 0.247343345212*H10- 3.75210437468 -> 551.69571 | E8: =0.080991528041*E9 + 0.303754553817*E10 - 0.25338201366*G9 + 0.269148503584*G10 + 0.00378757678133*F9 + 0.43547234846*F10 - 12.2555082812*I9 + 15.7710625006*I10 + 0.517281394734*H9 - 0.299449478792*H10 - 3.00478655786 -> 493.15026 | F8: 417.5 | G8: 790 | H8: 395 | I8: 3.19 | Q8: =(F8-F9)/F9 -> 0 | R8: =(G8-G9)/G9 -> -0.0125 | S8: =(H8-H9)/H9 -> 0 | T8: =(I8-I9)/I9 -> 0.012698413 | V8: =(D7-D8)/D8 -> -0.063601152 | W8: =(E7-E8)/E8 -> -0.0011722234 | X8: =(F8-F12)/F12 -> -0.165 | Y8: =(G8-G12)/G12 -> 0.036065574 | Z8: =(H8-H12)/H12 -> -0.32188841 | AA8: =(I8-I12)/I12 -> 0.056291391 | AC8: =(D8-D12)/D12 -> -0.21724401 | AD8: =(E8-E12)/E12 -> -0.16503225 | AE8: =(F8-F60)/F60 -> 0.81521739 | AF8: =(G8-G60)/G60 -> 1.7241379 | AG8: =(H8-H60)/H60 -> 0.0063694268 | AH8: =(I8-I60)/I60 -> -0.17330742 | AI8: =(J8-J60)/J60 -> -1 | AJ8: =(D8-D60)/D60 -> 0.75141495 | AK8: =(E8-E60)/E60 -> 0.6011372
A9: =A10+7 -> 46185 | B9: =YEAR(A9) -> 2026 | C9: =MONTH(A9) -> 6 | D9: =0.280558110643*D10 + 0.15041224611*D11 - 0.188812610795*G10 + 0.259276330013*G11 + 0.249001945549*F10 - 0.0911542671384*F11 - 11.8844751787*I10 + 5.64643067713*I11 + 0.185696475006*H10 + 0.247343345212*H11- 3.75210437468 -> 601.61729 | E9: =0.080991528041*E10 + 0.303754553817*E11 - 0.25338201366*G10 + 0.269148503584*G11 + 0.00378757678133*F10 + 0.43547234846*F11 - 12.2555082812*I10 + 15.7710625006*I11 + 0.517281394734*H10 - 0.299449478792*H11 - 3.00478655786 -> 528.29021 | F9: 417.5 | G9: 800 | H9: 395 | I9: 3.15 | Q9: =(F9-F10)/F10 -> -0.056497175 | R9: =(G9-G10)/G10 -> 0 | S9: =(H9-H10)/H10 -> -0.16402116 | T9: =(I9-I10)/I10 -> -0.024767802 | V9: =(D8-D9)/D9 -> -0.082978971 | W9: =(E8-E9)/E9 -> -0.066516376 | X9: =(F9-F13)/F13 -> -0.165 | Y9: =(G9-G13)/G13 -> 0.049180328 | Z9: =(H9-H13)/H13 -> -0.36032389 | AA9: =(I9-I13)/I13 -> 0.10526316 | AC9: =(D9-D13)/D13 -> -0.16841357 | AD9: =(E9-E13)/E13 -> -0.13846561 | AE9: =(F9-F61)/F61 -> 0.81521739 | AF9: =(G9-G61)/G61 -> 1.7586207 | AG9: =(H9-H61)/H61 -> 0.12056738 | AH9: =(I9-I61)/I61 -> -0.11257606 | AI9: =(J9-J61)/J61 -> -1 | AJ9: =(D9-D61)/D61 -> 0.90989617 | AK9: =(E9-E61)/E61 -> 0.71522795
A10: 46178 | B10: =YEAR(A10) -> 2026 | C10: =MONTH(A10) -> 6 | D10: =0.280558110643*D11 + 0.15041224611*D12 - 0.188812610795*G11 + 0.259276330013*G12 + 0.249001945549*F11 - 0.0911542671384*F12 - 11.8844751787*I11 + 5.64643067713*I12 + 0.185696475006*H11 + 0.247343345212*H12- 3.75210437468 -> 635.87885 | E10: =0.080991528041*E11 + 0.303754553817*E12 - 0.25338201366*G11 + 0.269148503584*G12 + 0.00378757678133*F11 + 0.43547234846*F12 - 12.2555082812*I11 + 15.7710625006*I12 + 0.517281394734*H11 - 0.299449478792*H12 - 3.00478655786 -> 563.95876 | F10: 442.5 | G10: 800 | H10: 472.5 | I10: 3.23 | Q10: =(F10-F11)/F11 -> -0.053475936 | R10: =(G10-G11)/G11 -> 0 | S10: =(H10-H11)/H11 -> -0.13302752 | T10: =(I10-I11)/I11 -> 0.066006601 | V10: =(D9-D10)/D10 -> -0.053880635 | W10: =(E9-E10)/E10 -> -0.063246736 | X10: =(F10-F14)/F14 -> -0.115 | Y10: =(G10-G14)/G14 -> 0.049180328 | Z10: =(H10-H14)/H14 -> -0.30769231 | AA10: =(I10-I14)/I14 -> 0.15770609 | AC10: =(D10-D14)/D14 -> -0.11092988 | AD10: =(E10-E14)/E14 -> -0.089727715 | AE10: =(F10-F62)/F62 -> 1.0344828 | AF10: =(G10-G62)/G62 -> 1.7586207 | AG10: =(H10-H62)/H62 -> 0.34042553 | AH10: =(I10-I62)/I62 -> -0.13139354 | AI10: =(J10-J62)/J62 -> -1 | AJ10: =(D10-D62)/D62 -> 1.018663 | AK10: =(E10-E62)/E62 -> 0.83103493
A11: 46171 | B11: =YEAR(A11) -> 2026 | C11: =MONTH(A11) -> 5 | D11: =0.280558110643*D12 + 0.15041224611*D13 - 0.188812610795*G12 + 0.259276330013*G13 + 0.249001945549*F12 - 0.0911542671384*F13 - 11.8844751787*I12 + 5.64643067713*I13 + 0.185696475006*H12 + 0.247343345212*H13- 3.75210437468 -> 676.56177 | E11: =0.080991528041*E12 + 0.303754553817*E13 - 0.25338201366*G12 + 0.269148503584*G13 + 0.00378757678133*F12 + 0.43547234846*F13 - 12.2555082812*I12 + 15.7710625006*I13 + 0.517281394734*H12 - 0.299449478792*H13 - 3.00478655786 -> 587.0861 | F11: 467.5 | G11: 800 | H11: 545 | I11: 3.03 | K11: =AVERAGEA(D11:D15) -> 708.97426 | L11: =AVERAGEA(E11:E15) -> 603.80602 | M11: =AVERAGEA(F11:F15) -> 495.5 | N11: =AVERAGEA(G11:G15) -> 770 | O11: =AVERAGEA(H11:H15) -> 629 | P11: =AVERAGEA(I11:I15) -> 2.86 | Q11: =(F11-F12)/F12 -> -0.065 | R11: =(G11-G12)/G12 -> 0.049180328 | S11: =(H11-H12)/H12 -> -0.064377682 | T11: =(I11-I12)/I12 -> 0.0033112583 | V11: =(D10-D11)/D11 -> -0.060131864 | W11: =(E10-E11)/E11 -> -0.039393434 | X11: =(F11-F15)/F15 -> -0.083333333 | Y11: =(G11-G15)/G15 -> 0.049180328 | Z11: =(H11-H15)/H15 -> -0.24041812 | AA11: =(I11-I15)/I15 -> 0.16091954 | AC11: =(D11-D15)/D15 -> -0.066582792 | AD11: =(E11-E15)/E15 -> -0.03531122 | AE11: =(F11-F63)/F63 -> 1.2261905 | AF11: =(G11-G63)/G63 -> 1.6446281 | AG11: =(H11-H63)/H63 -> 0.53521127 | AH11: =(I11-I63)/I63 -> -0.10691917 | AI11: =(J11-J63)/J63 -> -1 | AJ11: =(D11-D63)/D63 -> 1.0817285 | AK11: =(E11-E63)/E63 -> 0.82892865
A12: 46164 | B12: =YEAR(A12) -> 2026 | C12: =MONTH(A12) -> 5 | D12: =0.280558110643*D13 + 0.15041224611*D14 - 0.188812610795*G13 + 0.259276330013*G14 + 0.249001945549*F13 - 0.0911542671384*F14 - 11.8844751787*I13 + 5.64643067713*I14 + 0.185696475006*H13 + 0.247343345212*H14- 3.75210437468 -> 704.81186 | E12: =0.080991528041*E13 + 0.303754553817*E14 - 0.25338201366*G13 + 0.269148503584*G14 + 0.00378757678133*F13 + 0.43547234846*F14 - 12.2555082812*I13 + 15.7710625006*I14 + 0.517281394734*H13 - 0.299449478792*H14 - 3.00478655786 -> 590.62192 | F12: 500 | G12: 762.5 | H12: 582.5 | I12: 3.02 | Q12: =(F12-F13)/F13 -> 0 | R12: =(G12-G13)/G13 -> 0 | S12: =(H12-H13)/H13 -> -0.056680162 | T12: =(I12-I13)/I13 -> 0.059649123 | V12: =(D11-D12)/D12 -> -0.040081748 | W12: =(E11-E12)/E12 -> -0.0059866172 | X12: =(F12-F16)/F16 -> -0.069767442 | Y12: =(G12-G16)/G16 -> 0.089285714 | Z12: =(H12-H16)/H16 -> -0.18815331 | AA12: =(I12-I16)/I16 -> 0.12686567 | AC12: =(D12-D16)/D16 -> 0.0069967505 | AD12: =(E12-E16)/E16 -> 0.022288401 | AE12: =(F12-F64)/F64 -> 1.2988506 | AF12: =(G12-G64)/G64 -> 1.5206612 | AG12: =(H12-H64)/H64 -> 0.64084507 | AH12: =(I12-I64)/I64 -> -0.084571082 | AI12: =(J12-J64)/J64 -> -1 | AJ12: =(D12-D64)/D64 -> 1.1686519 | AK12: =(E12-E64)/E64 -> 0.83994369
A13: 46157 | B13: =YEAR(A13) -> 2026 | C13: =MONTH(A13) -> 5 | D13: =0.280558110643*D14 + 0.15041224611*D15 - 0.188812610795*G14 + 0.259276330013*G15 + 0.249001945549*F14 - 0.0911542671384*F15 - 11.8844751787*I14 + 5.64643067713*I15 + 0.185696475006*H14 + 0.247343345212*H15- 3.75210437468 -> 723.45732 | E13: =0.080991528041*E14 + 0.303754553817*E15 - 0.25338201366*G14 + 0.269148503584*G15 + 0.00378757678133*F14 + 0.43547234846*F15 - 12.2555082812*I14 + 15.7710625006*I15 + 0.517281394734*H14 - 0.299449478792*H15 - 3.00478655786 -> 613.19689 | F13: 500 | G13: 762.5 | H13: 617.5 | I13: 2.85 | Q13: =(F13-F14)/F14 -> 0 | R13: =(G13-G14)/G14 -> 0 | S13: =(H13-H14)/H14 -> -0.095238095 | T13: =(I13-I14)/I14 -> 0.021505376 | V13: =(D12-D13)/D13 -> -0.025772719 | W13: =(E12-E13)/E13 -> -0.0368152 | X13: =(F13-F17)/F17 -> 0 | Y13: =(G13-G17)/G17 -> 0.089285714 | Z13: =(H13-H17)/H17 -> -0.13937282 | AA13: =(I13-I17)/I17 -> 0.08365019 | AC13: =(D13-D17)/D17 -> 0.078291064 | AD13: =(E13-E17)/E17 -> 0.10179968 | AE13: =(F13-F65)/F65 -> 1.3255814 | AF13: =(G13-G65)/G65 -> 1.5206612 | AG13: =(H13-H65)/H65 -> 0.76428571 | AH13: =(I13-I65)/I65 -> -0.18482924 | AI13: =(J13-J65)/J65 -> -1 | AJ13: =(D13-D65)/D65 -> 1.2260225 | AK13: =(E13-E65)/E65 -> 0.91027069
A14: 46150 | B14: =YEAR(A14) -> 2026 | C14: =MONTH(A14) -> 5 | D14: =0.280558110643*D15 + 0.15041224611*D16 - 0.188812610795*G15 + 0.259276330013*G16 + 0.249001945549*F15 - 0.0911542671384*F16 - 11.8844751787*I15 + 5.64643067713*I16 + 0.185696475006*H15 + 0.247343345212*H16- 3.75210437468 -> 715.21788 | E14: =0.080991528041*E15 + 0.303754553817*E16 - 0.25338201366*G15 + 0.269148503584*G16 + 0.00378757678133*F15 + 0.43547234846*F16 - 12.2555082812*I15 + 15.7710625006*I16 + 0.517281394734*H15 - 0.299449478792*H16 - 3.00478655786 -> 619.54952 | F14: 500 | G14: 762.5 | H14: 682.5 | I14: 2.79 | Q14: =(F14-F15)/F15 -> -0.019607843 | R14: =(G14-G15)/G15 -> 0 | S14: =(H14-H15)/H15 -> -0.048780488 | T14: =(I14-I15)/I15 -> 0.068965517 | V14: =(D13-D14)/D14 -> 0.011520187 | W14: =(E13-E14)/E14 -> -0.010253631 | X14: =(F14-F18)/F18 -> 0.13636364 | Y14: =(G14-G18)/G18 -> 0.1380597 | Z14: =(H14-H18)/H18 -> -0.055363322 | AA14: =(I14-I18)/I18 -> 0.016541573 | AC14: =(D14-D18)/D18 -> 0.15291826 | AD14: =(E14-E18)/E18 -> 0.085547437 | AE14: =(F14-F66)/F66 -> 1.3255814 | AF14: =(G14-G66)/G66 -> 1.5206612 | AG14: =(H14-H66)/H66 -> 0.96402878 | AH14: =(I14-I66)/I66 -> -0.22590311 | AI14: =(J14-J66)/J66 -> -1 | AJ14: =(D14-D66)/D66 -> 1.2006704 | AK14: =(E14-E66)/E66 -> 0.93006082
A15: 46143 | B15: =YEAR(A15) -> 2026 | C15: =MONTH(A15) -> 5 | D15: =0.280558110643*D16 + 0.15041224611*D17 - 0.188812610795*G16 + 0.259276330013*G17 + 0.249001945549*F16 - 0.0911542671384*F17 - 11.8844751787*I16 + 5.64643067713*I17 + 0.185696475006*H16 + 0.247343345212*H17- 3.75210437468 -> 724.82248 | E15: =0.080991528041*E16 + 0.303754553817*E17 - 0.25338201366*G16 + 0.269148503584*G17 + 0.00378757678133*F16 + 0.43547234846*F17 - 12.2555082812*I16 + 15.7710625006*I17 + 0.517281394734*H16 - 0.299449478792*H17 - 3.00478655786 -> 608.57565 | F15: 510 | G15: 762.5 | H15: 717.5 | I15: 2.61 | Q15: =(F15-F16)/F16 -> -0.051162791 | R15: =(G15-G16)/G16 -> 0.089285714 | S15: =(H15-H16)/H16 -> 0 | T15: =(I15-I16)/I16 -> -0.026119403 | V15: =(D14-D15)/D15 -> -0.013250961 | W15: =(E14-E15)/E15 -> 0.018032068 | X15: =(F15-F19)/F19 -> 0.22891566 | Y15: =(G15-G19)/G19 -> 0.1509434 | Z15: =(H15-H19)/H19 -> -0.0034722222 | AA15: =(I15-I19)/I19 -> -0.083406497 | AC15: =(D15-D19)/D19 -> 0.23994169 | AD15: =(E15-E19)/E19 -> 0.20833245 | AE15: =(F15-F67)/F67 -> 1.372093 | AF15: =(G15-G67)/G67 -> 1.5206612 | AG15: =(H15-H67)/H67 -> 1.0647482 | AH15: =(I15-I67)/I67 -> -0.23194632 | AI15: =(J15-J67)/J67 -> -1 | AJ15: =(D15-D67)/D67 -> 1.230223 | AK15: =(E15-E67)/E67 -> 0.89587428
A16: =A17+7 -> 46136 | B16: =YEAR(A16) -> 2026 | C16: =MONTH(A16) -> 4 | D16: =0.280558110643*D17 + 0.15041224611*D18 - 0.188812610795*G17 + 0.259276330013*G18 + 0.249001945549*F17 - 0.0911542671384*F18 - 11.8844751787*I17 + 5.64643067713*I18 + 0.185696475006*H17 + 0.247343345212*H18- 3.75210437468 -> 699.91473 | E16: =0.080991528041*E17 + 0.303754553817*E18 - 0.25338201366*G17 + 0.269148503584*G18 + 0.00378757678133*F17 + 0.43547234846*F18 - 12.2555082812*I17 + 15.7710625006*I18 + 0.517281394734*H17 - 0.299449478792*H18 - 3.00478655786 -> 577.74491 | F16: 537.5 | G16: 700 | H16: 717.5 | I16: 2.68 | K16: =AVERAGE(D16:D19) -> 643.9401 | L16: =AVERAGE(E16:E19) -> 552.16517 | M16: =AVERAGE(F16:F19) -> 473.125 | N16: =AVERAGE(G16:G19) -> 683.125 | O16: =AVERAGE(H16:H19) -> 719.375 | P16: =AVERAGE(I16:I19) -> 2.725525 | Q16: =(F16-F17)/F17 -> 0.075 | R16: =(G16-G17)/G17 -> 0 | S16: =(H16-H17)/H17 -> 0 | T16: =(I16-I17)/I17 -> 0.019011407 | V16: =(D15-D16)/D16 -> 0.035586823 | W16: =(E15-E16)/E16 -> 0.053363917 | X16: =(F16-F20)/F20 -> 0.29518072 | Y16: =(G16-G20)/G20 -> 0.12 | Z16: =(H16-H20)/H20 -> 0.13438735 | AA16: =(I16-I20)/I20 -> -0.099462366 | AC16: =(D16-D20)/D20 -> 0.24545506 | AD16: =(E16-E20)/E20 -> 0.13063603 | AE16: =(F16-F68)/F68 -> 1.4431818 | AF16: =(G16-G68)/G68 -> 1.3140496 | AG16: =(H16-H68)/H68 -> 1.0797101 | AH16: =(I16-I68)/I68 -> -0.10139485 | AI16: =(J16-J68)/J68 -> -1 | AJ16: =(D16-D68)/D68 -> 1.2219515 | AK16: =(E16-E68)/E68 -> 0.89424562
A17: =A18+7 -> 46129 | B17: =YEAR(A17) -> 2026 | C17: =MONTH(A17) -> 4 | D17: =0.280558110643*D18 + 0.15041224611*D19 - 0.188812610795*G18 + 0.259276330013*G19 + 0.249001945549*F18 - 0.0911542671384*F19 - 11.8844751787*I18 + 5.64643067713*I19 + 0.185696475006*H18 + 0.247343345212*H19- 3.75210437468 -> 670.92954 | E17: =0.080991528041*E18 + 0.303754553817*E19 - 0.25338201366*G18 + 0.269148503584*G19 + 0.00378757678133*F18 + 0.43547234846*F19 - 12.2555082812*I18 + 15.7710625006*I19 + 0.517281394734*H18 - 0.299449478792*H19 - 3.00478655786 -> 556.54118 | F17: 500 | G17: 700 | H17: 717.5 | I17: 2.63 | Q17: =(F17-F18)/F18 -> 0.13636364 | R17: =(G17-G18)/G18 -> 0.044776119 | S17: =(H17-H18)/H18 -> -0.0069204152 | T17: =(I17-I18)/I18 -> -0.041754718 | U17: =(J17-J18)/J18 -> -1 | V17: =(D16-D17)/D17 -> 0.04320155 | W17: =(E16-E17)/E17 -> 0.038099134 | X17: =(F17-F21)/F21 -> 0.20481928 | Y17: =(G17-G21)/G21 -> 0.2173913 | Z17: =(H17-H21)/H21 -> 0.10810811 | AA17: =(I17-I21)/I21 -> -0.14510467 | AC17: =(D17-D21)/D21 -> 0.35541321 | AD17: =(E17-E21)/E21 -> 0.19686275 | AE17: =(F17-F69)/F69 -> 1.1978022 | AF17: =(G17-G69)/G69 -> 1.3140496 | AG17: =(H17-H69)/H69 -> 1.0797101 | AH17: =(I17-I69)/I69 -> -0.19975658 | AI17: =(J17-J69)/J69 -> -1 | AJ17: =(D17-D69)/D69 -> 1.129935 | AK17: =(E17-E69)/E69 -> 0.82472517
A18: =A19+7 -> 46122 | B18: =YEAR(A18) -> 2026 | C18: =MONTH(A18) -> 4 | D18: =0.280558110643*D19 + 0.15041224611*D20 - 0.188812610795*G19 + 0.259276330013*G20 + 0.249001945549*F19 - 0.0911542671384*F20 - 11.8844751787*I19 + 5.64643067713*I20 + 0.185696475006*H19 + 0.247343345212*H20- 3.75210437468 -> 620.35437 | E18: =0.080991528041*E19 + 0.303754553817*E20 - 0.25338201366*G19 + 0.269148503584*G20 + 0.00378757678133*F19 + 0.43547234846*F20 - 12.2555082812*I19 + 15.7710625006*I20 + 0.517281394734*H19 - 0.299449478792*H20 - 3.00478655786 -> 570.72543 | F18: 440 | G18: 670 | H18: 722.5 | I18: 2.7446 | J18: 103.44 | Q18: =(F18-F19)/F19 -> 0.060240964 | R18: =(G18-G19)/G19 -> 0.011320755 | S18: =(H18-H19)/H19 -> 0.0034722222 | T18: =(I18-I19)/I19 -> -0.036136962 | U18: =(J18-J19)/J19 -> -0.061938877 | V18: =(D17-D18)/D18 -> 0.081526252 | W18: =(E17-E18)/E18 -> -0.024853016 | X18: =(F18-F22)/F22 -> 0.17333333 | Y18: =(G18-G22)/G22 -> 0.21818182 | Z18: =(H18-H22)/H22 -> 0.20920502 | AA18: =(I18-I22)/I22 -> -0.12664673 | AB18: =(J18-J22)/J22 -> 0.0023255814 | AC18: =(D18-D22)/D22 -> 0.25324115 | AD18: =(E18-E22)/E22 -> 0.22736651 | AE18: =(F18-F70)/F70 -> 0.93406593 | AF18: =(G18-G70)/G70 -> 1.214876 | AG18: =(H18-H70)/H70 -> 1.0942029 | AH18: =(I18-I70)/I70 -> -0.23845727 | AI18: =(J18-J70)/J70 -> 0.54555827 | AJ18: =(D18-D70)/D70 -> 0.96937896 | AK18: =(E18-E70)/E70 -> 0.8712309
A19: =A20+7 -> 46115 | B19: =YEAR(A19) -> 2026 | C19: =MONTH(A19) -> 4 | D19: =0.280558110643*D20 + 0.15041224611*D21 - 0.188812610795*G20 + 0.259276330013*G21 + 0.249001945549*F20 - 0.0911542671384*F21 - 11.8844751787*I20 + 5.64643067713*I21 + 0.185696475006*H20 + 0.247343345212*H21- 3.75210437468 -> 584.56174 | E19: =0.080991528041*E20 + 0.303754553817*E21 - 0.25338201366*G20 + 0.269148503584*G21 + 0.00378757678133*F20 + 0.43547234846*F21 - 12.2555082812*I20 + 15.7710625006*I21 + 0.517281394734*H20 - 0.299449478792*H21 - 3.00478655786 -> 503.64918 | F19: 415 | G19: 662.5 | H19: 720 | I19: 2.8475 | J19: 110.27 | Q19: =(F19-F20)/F20 -> 0 | R19: =(G19-G20)/G20 -> 0.06 | S19: =(H19-H20)/H20 -> 0.13833992 | T19: =(I19-I20)/I20 -> -0.043178763 | U19: =(J19-J20)/J20 -> -0.0089871484 | V19: =(D18-D19)/D19 -> 0.061229853 | W19: =(E18-E19)/E19 -> 0.1331805 | X19: =(F19-F23)/F23 -> 0.10666667 | Y19: =(G19-G23)/G23 -> 0.14224138 | Z19: =(H19-H23)/H23 -> 0.33953488 | AA19: =(I19-I23)/I23 -> -0.058366402 | AB19: =(J19-J23)/J23 -> 0.18927955 | AC19: =(D19-D23)/D23 -> 0.18093281 | AD19: =(E19-E23)/E23 -> 0.08311651 | AE19: =(F19-F71)/F71 -> 0.86516854 | AF19: =(G19-G71)/G71 -> 1.1900826 | AG19: =(H19-H71)/H71 -> 1.1818182 | AH19: =(I19-I71)/I71 -> -0.29166667 | AI19: =(J19-J71)/J71 -> 0.64760935 | AJ19: =(D19-D71)/D71 -> 0.85575156 | AK19: =(E19-E71)/E71 -> 0.65130878
A20: =A21+7 -> 46108 | B20: =YEAR(A20) -> 2026 | C20: =MONTH(A20) -> 3 | D20: =0.280558110643*D21 + 0.15041224611*D22 - 0.188812610795*G21 + 0.259276330013*G22 + 0.249001945549*F21 - 0.0911542671384*F22 - 11.8844751787*I21 + 5.64643067713*I22 + 0.185696475006*H21 + 0.247343345212*H22- 3.75210437468 -> 561.9751 | E20: =0.080991528041*E21 + 0.303754553817*E22 - 0.25338201366*G21 + 0.269148503584*G22 + 0.00378757678133*F21 + 0.43547234846*F22 - 12.2555082812*I21 + 15.7710625006*I22 + 0.517281394734*H21 - 0.299449478792*H22 - 3.00478655786 -> 510.99107 | F20: 415 | G20: 625 | H20: 632.5 | I20: 2.976 | J20: 111.27 | K20: =AVERAGE(D20:D23) -> 511.74377 | L20: =AVERAGE(E20:E23) -> 476.49777 | M20: =AVERAGE(F20:F23) -> 395 | N20: =AVERAGE(G20:G23) -> 582.5 | O20: =AVERAGE(H20:H23) -> 603.75 | P20: =AVERAGE(I20:I23) -> 3.05475 | Q20: =(F20-F21)/F21 -> 0 | R20: =(G20-G21)/G21 -> 0.086956522 | S20: =(H20-H21)/H21 -> -0.023166023 | T20: =(I20-I21)/I21 -> -0.032635548 | U20: =(J20-J21)/J21 -> -0.008907099 | V20: =(D20-D21)/D21 -> 0.13530323 | W20: =(E20-E21)/E21 -> 0.098905528 | X20: =(F20-F24)/F24 -> 0.25757576 | Y20: =(G20-G24)/G24 -> 0.30208333 | Z20: =(H20-H24)/H24 -> 0.43261608 | AA20: =(I20-I24)/I24 -> 0.022329097 | AB20: =(J20-J24)/J24 -> 0.52904316 | AC20: =(D20-D24)/D24 -> 0.54388764 | AD20: =(E20-E24)/E24 -> 0.46836515 | AE20: =(F20-F72)/F72 -> 0.82417582 | AF20: =(G20-G72)/G72 -> 1.0661157 | AG20: =(H20-H72)/H72 -> 1.0403226 | AH20: =(I20-I72)/I72 -> -0.24197657 | AI20: =(J20-J72)/J72 -> 0.55098668 | AJ20: =(D20-D72)/D72 -> 0.80699389 | AK20: =(E20-E72)/E72 -> 0.69764475
A21: 46101 | B21: =YEAR(A21) -> 2026 | C21: =MONTH(A21) -> 3 | D21: 495 | E21: 465 | F21: 415 | G21: 575 | H21: 647.5 | I21: 3.0764 | J21: 112.27 | Q21: =(F21-F22)/F22 -> 0.10666667 | R21: =(G21-G22)/G22 -> 0.045454545 | S21: =(H21-H22)/H22 -> 0.083682008 | T21: =(I21-I22)/I22 -> -0.02106536 | U21: =(J21-J22)/J22 -> 0.087887597 | V21: =(D21-D22)/D22 -> 0 | W21: =(E21-E22)/E22 -> 0 | X21: =(F21-F25)/F25 -> 0.25757576 | Y21: =(G21-G25)/G25 -> 0.17948718 | Z21: =(H21-H25)/H25 -> 0.51108518 | AA21: =(I21-I25)/I25 -> 0.0035229645 | AB21: =(J21-J25)/J25 -> 0.56006392 | AC21: =(D21-D25)/D25 -> 0.35989011 | AD21: =(E21-E25)/E25 -> 0.3362069 | AE21: =(F21-F73)/F73 -> 0.72916667 | AF21: =(G21-G73)/G73 -> 0.90082645 | AG21: =(H21-H73)/H73 -> 0.99230769 | AH21: =(I21-I73)/I73 -> -0.24121942 | AI21: =(J21-J73)/J73 -> 0.56492563 | AJ21: =(D21-D73)/D73 -> 0.59163987 | AK21: =(E21-E73)/E73 -> 0.5448505
A22: 46094 | B22: =YEAR(A22) -> 2026 | C22: =MONTH(A22) -> 3 | D22: 495 | E22: 465 | F22: 375 | G22: 550 | H22: 597.5 | I22: 3.1426 | J22: 103.2 | Q22: =(F22-F23)/F23 -> 0 | R22: =(G22-G23)/G23 -> -0.051724138 | S22: =(H22-H23)/H23 -> 0.11162791 | T22: =(I22-I23)/I23 -> 0.039219577 | U22: =(J22-J23)/J23 -> 0.11302847 | V22: =(D22-D23)/D23 -> 0 | W22: =(E22-E23)/E23 -> 0 | X22: =(F22-F26)/F26 -> 0.13636364 | Y22: =(G22-G26)/G26 -> 0.11111111 | Z22: =(H22-H26)/H26 -> 0.48447205 | AA22: =(I22-I26)/I26 -> -0.010017641 | AB22: =(J22-J26)/J26 -> 0.53274915 | AC22: =(D22-D26)/D26 -> 0.35989011 | AD22: =(E22-E26)/E26 -> 0.3362069 | AE22: =(F22-F74)/F74 -> 0.5625 | AF22: =(G22-G74)/G74 -> 0.74603175 | AG22: =(H22-H74)/H74 -> 0.55194805 | AH22: =(I22-I74)/I74 -> -0.26032105 | AI22: =(J22-J74)/J74 -> 0.43849937 | AJ22: =(D22-D74)/D74 -> 0.59163987 | AK22: =(E22-E74)/E74 -> 0.5448505
A23: 46087 | B23: =YEAR(A23) -> 2026 | C23: =MONTH(A23) -> 3 | D23: 495 | E23: 465 | F23: 375 | G23: 580 | H23: 537.5 | I23: 3.024 | J23: 92.72 | Q23: =(F23-F24)/F24 -> 0.13636364 | R23: =(G23-G24)/G24 -> 0.20833333 | S23: =(H23-H24)/H24 -> 0.21744054 | T23: =(I23-I24)/I24 -> 0.038818276 | U23: =(J23-J24)/J24 -> 0.27413393 | V23: =(D23-D24)/D24 -> 0.35989011 | W23: =(E23-E24)/E24 -> 0.3362069 | X23: =(F23-F27)/F27 -> 0.1627907 | Y23: =(G23-G27)/G27 -> 0.1372549 | Z23: =(H23-H27)/H27 -> 0.26470588 | AA23: =(I23-I27)/I27 -> -0.10764873 | AB23: =(J23-J27)/J27 -> 0.3980278 | AC23: =(D23-D27)/D27 -> 0.35989011 | AD23: =(E23-E27)/E27 -> 0.3362069 | AE23: =(F23-F75)/F75 -> 0.57894737 | AF23: =(G23-G75)/G75 -> 0.84126984 | AG23: =(H23-H75)/H75 -> 0.37820513 | AH23: =(I23-I75)/I75 -> -0.30074458 | AI23: =(J23-J75)/J75 -> 0.2924192 | AJ23: =(D23-D75)/D75 -> 0.59163987 | AK23: =(E23-E75)/E75 -> 0.5448505
A24: 46080 | B24: =YEAR(A24) -> 2026 | C24: =MONTH(A24) -> 2 | D24: =AVERAGEIFS(data!G:G,data!A:A,'weekly-forecast'!B24,data!B:B,'weekly-forecast'!C24) -> 364 | E24: =AVERAGEIFS(data!F:F,data!A:A,'weekly-forecast'!B24,data!B:B,'weekly-forecast'!C24) -> 348 | F24: 330 | G24: 480 | H24: 441.5 | I24: 2.911 | J24: 72.771 | K24: =AVERAGE(D24:D27) -> 364 | L24: =AVERAGE(E24:E27) -> 348 | M24: =AVERAGE(F24:F27) -> 328.125 | N24: =AVERAGE(G24:G27) -> 493.125 | O24: =AVERAGE(H24:H27) -> 424.375 | P24: =AVERAGE(I24:I27) -> 3.13495 | Q24: =(F24-F25)/F25 -> 0 | R24: =(G24-G25)/G25 -> -0.015384615 | S24: =(H24-H25)/H25 -> 0.03033839 | T24: =(I24-I25)/I25 -> -0.050430585 | U24: =(J24-J25)/J25 -> 0.011199889 | V24: =(D24-D25)/D25 -> 0 | W24: =(E24-E25)/E25 -> 0 | X24: =(F24-F28)/F28 -> 0.023255814 | Y24: =(G24-G28)/G28 -> -0.076923077 | Z24: =(H24-H28)/H28 -> 0.076829268 | AA24: =(I24-I28)/I28 -> -0.50637591 | AB24: =(J24-J28)/J28 -> 0.12658912 | AC24: =(D24-D28)/D28 -> 0.0083102493 | AD24: =(E24-E28)/E28 -> 0.0057803468 | AE24: =(F24-F76)/F76 -> 0.38947368 | AF24: =(G24-G76)/G76 -> 0.52380952 | AG24: =(H24-H76)/H76 -> 0.13205128 | AH24: =(I24-I76)/I76 -> -0.26645499 | AI24: =(J24-J76)/J76 -> -0.032210445 | AJ24: =(D24-D76)/D76 -> 0.17419355 | AK24: =(E24-E76)/E76 -> 0.12987013
A25: 46073 | B25: =YEAR(A25) -> 2026 | C25: =MONTH(A25) -> 2 | D25: =AVERAGEIFS(data!G:G,data!A:A,'weekly-forecast'!B25,data!B:B,'weekly-forecast'!C25) -> 364 | E25: =AVERAGEIFS(data!F:F,data!A:A,'weekly-forecast'!B25,data!B:B,'weekly-forecast'!C25) -> 348 | F25: 330 | G25: 487.5 | H25: 428.5 | I25: 3.0656 | J25: 71.965 | Q25: =(F25-F26)/F26 -> 0 | R25: =(G25-G26)/G26 -> -0.015151515 | S25: =(H25-H26)/H26 -> 0.064596273 | T25: =(I25-I26)/I26 -> -0.034274194 | U25: =(J25-J26)/J26 -> 0.068840042 | V25: =(D25-D26)/D26 -> 0 | W25: =(E25-E26)/E26 -> 0 | X25: =(F25-F29)/F29 -> 0.18918919 | Y25: =(G25-G29)/G29 -> -0.0625 | Z25: =(H25-H29)/H29 -> 0.11010363 | AA25: =(I25-I29)/I29 -> -0.30970502 | AB25: =(J25-J29)/J29 -> 0.1141112 | AC25: =(D25-D29)/D29 -> 0.0083102493 | AD25: =(E25-E29)/E29 -> 0.0057803468 | AE25: =(F25-F77)/F77 -> 0.38947368 | AF25: =(G25-G77)/G77 -> 0.38297872 | AG25: =(H25-H77)/H77 -> 0.084810127 | AH25: =(I25-I77)/I77 -> -0.26453548 | AI25: =(J25-J77)/J77 -> -0.042929528 | AJ25: =(D25-D77)/D77 -> 0.17419355 | AK25: =(E25-E77)/E77 -> 0.12987013
A26: 46066 | B26: =YEAR(A26) -> 2026 | C26: =MONTH(A26) -> 2 | D26: =AVERAGEIFS(data!G:G,data!A:A,'weekly-forecast'!B26,data!B:B,'weekly-forecast'!C26) -> 364 | E26: =AVERAGEIFS(data!F:F,data!A:A,'weekly-forecast'!B26,data!B:B,'weekly-forecast'!C26) -> 348 | F26: 330 | G26: 495 | H26: 402.5 | I26: 3.1744 | J26: 67.33 | Q26: =(F26-F27)/F27 -> 0.023255814 | R26: =(G26-G27)/G27 -> -0.029411765 | S26: =(H26-H27)/H27 -> -0.052941176 | T26: =(I26-I27)/I27 -> -0.063267233 | U26: =(J26-J27)/J27 -> 0.015198577 | V26: =(D26-D27)/D27 -> 0 | W26: =(E26-E27)/E27 -> 0 | X26: =(F26-F30)/F30 -> 0.18918919 | Y26: =(G26-G30)/G30 -> -0.048076923 | Z26: =(H26-H30)/H30 -> 0.074766355 | AA26: =(I26-I30)/I30 -> -0.018975215 | AB26: =(J26-J30)/J30 -> 0.042355408 | AC26: =(D26-D30)/D30 -> 0.0083102493 | AD26: =(E26-E30)/E30 -> 0.0057803468 | AE26: =(F26-F78)/F78 -> 0.36082474 | AF26: =(G26-G78)/G78 -> 0.40425532 | AG26: =(H26-H78)/H78 -> 0.073333333 | AH26: =(I26-I78)/I78 -> -0.1123539 | AI26: =(J26-J78)/J78 -> -0.1045709 | AJ26: =(D26-D78)/D78 -> 0.17419355 | AK26: =(E26-E78)/E78 -> 0.12987013 | AN26: 46101 | AO26: =AN26+7 -> 46108 | AP26: =AO26+7 -> 46115 | AQ26: =AP26+7 -> 46122 | AR26: =AQ26+7 -> 46129 | AS26: =AR26+7 -> 46136 | AT26: =AS26+7 -> 46143 | AU26: =AT26+7 -> 46150 | AV26: =AU26+7 -> 46157 | ... BB26: =BA26+7 -> 46199
A27: 46059 | B27: =YEAR(A27) -> 2026 | C27: =MONTH(A27) -> 2 | D27: =AVERAGEIFS(data!G:G,data!A:A,'weekly-forecast'!B27,data!B:B,'weekly-forecast'!C27) -> 364 | E27: =AVERAGEIFS(data!F:F,data!A:A,'weekly-forecast'!B27,data!B:B,'weekly-forecast'!C27) -> 348 | F27: 322.5 | G27: 510 | H27: 425 | I27: 3.3888 | J27: 66.322 | Q27: =(F27-F28)/F28 -> 0 | R27: =(G27-G28)/G28 -> -0.019230769 | S27: =(H27-H28)/H28 -> 0.036585366 | T27: =(I27-I28)/I28 -> -0.42535441 | U27: =(J27-J28)/J28 -> 0.026750266 | V27: =(D27-D28)/D28 -> 0.0083102493 | W27: =(E27-E28)/E28 -> 0.0057803468 | X27: =(F27-F31)/F31 -> 0.22857143 | Y27: =(G27-G31)/G31 -> -0.019230769 | Z27: =(H27-H31)/H31 -> 0.15332429 | AA27: =(I27-I31)/I31 -> -0.001767409 | AB27: =(J27-J31)/J31 -> 0.026750266 | AC27: =(D27-D31)/D31 -> 0.0083102493 | AD27: =(E27-E31)/E31 -> 0.0057803468 | AE27: =(F27-F79)/F79 -> 0.32989691 | AF27: =(G27-G79)/G79 -> 0.44680851 | AG27: =(H27-H79)/H79 -> 0.13333333 | AH27: =(I27-I79)/I79 -> 0.015705551 | AI27: =(J27-J79)/J79 -> -0.11797641 | AJ27: =(D27-D79)/D79 -> 0.17419355 | AK27: =(E27-E79)/E79 -> 0.12987013 | AM27: HDAN | AN27: =0.080991528041*E26 + 0.303754553817*E28 - 0.25338201366*G22 + 0.269148503584*G23 + 0.00378757678133*F22 + 0.43547234846*F23 - 12.2555082812*I22 + 15.7710625006*I23 + 0.517281394734*H22 - 0.299449478792*H23 - 3.00478655786 -> 469.04691 | AO27: =0.080991528041*E21 + 0.303754553817*E22 - 0.25338201366*G21 + 0.269148503584*G22 + 0.00378757678133*F21 + 0.43547234846*F22 - 12.2555082812*I21 + 15.7710625006*I22 + 0.517281394734*H21 - 0.299449478792*H22 - 3.00478655786 -> 510.99107 | AP27: =0.080991528041*E20 + 0.303754553817*E21 - 0.25338201366*G20 + 0.269148503584*G21 + 0.00378757678133*F20 + 0.43547234846*F21 - 12.2555082812*I20 + 15.7710625006*I21 + 0.517281394734*H20 - 0.299449478792*H21 - 3.00478655786 -> 503.64918 | AQ27: =0.080991528041*E19 + 0.303754553817*E20 - 0.25338201366*G19 + 0.269148503584*G20 + 0.00378757678133*F19 + 0.43547234846*F20 - 12.2555082812*I19 + 15.7710625006*I20 + 0.517281394734*H19 - 0.299449478792*H20 - 3.00478655786 -> 570.72543 | AR27: =0.080991528041*E18 + 0.303754553817*E19 - 0.25338201366*G18 + 0.269148503584*G19 + 0.00378757678133*F18 + 0.43547234846*F19 - 12.2555082812*I18 + 15.7710625006*I19 + 0.517281394734*H18 - 0.299449478792*H19 - 3.00478655786 -> 556.54118 | AS27: =0.080991528041*E17 + 0.303754553817*E18 - 0.25338201366*G17 + 0.269148503584*G18 + 0.00378757678133*F17 + 0.43547234846*F18 - 12.2555082812*I17 + 15.7710625006*I18 + 0.517281394734*H17 - 0.299449478792*H18 - 3.00478655786 -> 577.74491 | AT27: =0.080991528041*E16 + 0.303754553817*E17 - 0.25338201366*G16 + 0.269148503584*G17 + 0.00378757678133*F16 + 0.43547234846*F17 - 12.2555082812*I16 + 15.7710625006*I17 + 0.517281394734*H16 - 0.299449478792*H17 - 3.00478655786 -> 608.57565 | AU27: =0.080991528041*E15 + 0.303754553817*E16 - 0.25338201366*G15 + 0.269148503584*G16 + 0.00378757678133*F15 + 0.43547234846*F16 - 12.2555082812*I15 + 15.7710625006*I16 + 0.517281394734*H15 - 0.299449478792*H16 - 3.00478655786 -> 619.54952 | AV27: =0.080991528041*E14 + 0.303754553817*E15 - 0.25338201366*G14 + 0.269148503584*G15 + 0.00378757678133*F14 + 0.43547234846*F15 - 12.2555082812*I14 + 15.7710625006*I15 + 0.517281394734*H14 - 0.299449478792*H15 - 3.00478655786 -> 613.19689 | AW27: =0.080991528041*E13 + 0.303754553817*E14 - 0.25338201366*G13 + 0.269148503584*G14 + 0.00378757678133*F13 + 0.43547234846*F14 - 12.2555082812*I13 + 15.7710625006*I14 + 0.517281394734*H13 - 0.299449478792*H14 - 3.00478655786 -> 590.62192 | AX27: =0.080991528041*E12 + 0.303754553817*E13 - 0.25338201366*G12 + 0.269148503584*G13 + 0.00378757678133*F12 + 0.43547234846*F13 - 12.2555082812*I12 + 15.7710625006*I13 + 0.517281394734*H12 - 0.299449478792*H13 - 3.00478655786 -> 587.0861 | AY27: =0.080991528041*E11 + 0.303754553817*E12 - 0.25338201366*G11 + 0.269148503584*G12 + 0.00378757678133*F11 + 0.43547234846*F12 - 12.2555082812*I11 + 15.7710625006*I12 + 0.517281394734*H11 - 0.299449478792*H12 - 3.00478655786 -> 563.95876 | AZ27: =0.080991528041*E10 + 0.303754553817*E11 - 0.25338201366*G11 + 0.269148503584*G12 + 0.00378757678133*F11 + 0.43547234846*F12 - 12.2555082812*I10 + 15.7710625006*I11 + 0.517281394734*H11 - 0.299449478792*H12 - 3.00478655786 -> 558.71823 | BA27: =0.080991528041*E9 + 0.303754553817*E10 - 0.25338201366*G11 + 0.269148503584*G12 + 0.00378757678133*F11 + 0.43547234846*F12 - 12.2555082812*I10 + 15.7710625006*I11 + 0.517281394734*H11 - 0.299449478792*H12 - 3.00478655786 -> 548.80434 | BB27: =0.080991528041*E8 + 0.303754553817*E9 - 0.25338201366*G11 + 0.269148503584*G12 + 0.00378757678133*F11 + 0.43547234846*F12 - 12.2555082812*I10 + 15.7710625006*I11 + 0.517281394734*H11 - 0.299449478792*H12 - 3.00478655786 -> 535.12382
A28: 46052 | B28: =YEAR(A28) -> 2026 | C28: =MONTH(A28) -> 1 | D28: =AVERAGEIFS(data!G:G,data!A:A,'weekly-forecast'!B28,data!B:B,'weekly-forecast'!C28) -> 361 | E28: =AVERAGEIFS(data!F:F,data!A:A,'weekly-forecast'!B28,data!B:B,'weekly-forecast'!C28) -> 346 | F28: 322.5 | G28: 520 | H28: 410 | I28: 5.8972 | J28: 64.594091 | K28: =AVERAGE(D8:D32) -> 528.71195 | L28: =AVERAGE(E8:E32) -> 473.64324 | M28: =AVERAGE(F8:F32) -> 397.7 | N28: =AVERAGE(G8:G32) -> 635 | O28: =AVERAGE(H8:H32) -> 531.66 | P28: =AVERAGE(I8:I32) -> 3.219618 | Q28: =(F28-F29)/F29 -> 0.16216216 | R28: =(G28-G29)/G29 -> 0 | S28: =(H28-H29)/H29 -> 0.062176166 | T28: =(I28-I29)/I29 -> 0.32789912 | U28: =(J28-J29)/J29 -> 0 | V28: =(D28-D29)/D29 -> 0 | W28: =(E28-E29)/E29 -> 0 | X28: =(F28-F32)/F32 -> 0.22857143 | Y28: =(G28-G32)/G32 -> 0 | Z28: =(H28-H32)/H32 -> 0.15492958 | AA28: =(I28-I32)/I32 -> 0.47771722 | AB28: =(J28-J32)/J32 -> 0 | AC28: =(D28-D32)/D32 -> 0 | AD28: =(E28-E32)/E32 -> 0 | AE28: =(F28-F80)/F80 -> 0.43333333 | AF28: =(G28-G80)/G80 -> 0.4751773 | AG28: =(H28-H80)/H80 -> 0.13103448 | AH28: =(I28-I80)/I80 -> 0.7557461 | AI28: =(J28-J80)/J80 -> -0.17392431 | AJ28: =(D28-D80)/D80 -> 0.19933555 | AK28: =(E28-E80)/E80 -> 0.25362319 | AO28: =AO27-AN27 -> 41.944162 | AP28: =AP27-AO27 -> -7.3418932 | AQ28: =AQ27-AP27 -> 67.076248 | AR28: =AR27-AQ27 -> -14.184248 | AS28: =AS27-AR27 -> 21.203737 | AT28: =AT27-AS27 -> 30.830731 | AU28: =AU27-AT27 -> 10.973877 | AV28: =AV27-AU27 -> -6.3526324 | ... AZ28: =AZ27-AY27 -> -5.2405331
A29: 46045 | B29: =YEAR(A29) -> 2026 | C29: =MONTH(A29) -> 1 | D29: =AVERAGEIFS(data!G:G,data!A:A,'weekly-forecast'!B29,data!B:B,'weekly-forecast'!C29) -> 361 | E29: =AVERAGEIFS(data!F:F,data!A:A,'weekly-forecast'!B29,data!B:B,'weekly-forecast'!C29) -> 346 | F29: 277.5 | G29: 520 | H29: 386 | I29: 4.441 | J29: 64.594091 | Q29: =(F29-F30)/F30 -> 0 | R29: =(G29-G30)/G30 -> 0 | S29: =(H29-H30)/H30 -> 0.03070761 | T29: =(I29-I30)/I30 -> 0.37245812 | U29: =(J29-J30)/J30 -> 0 | V29: =(D29-D30)/D30 -> 0 | W29: =(E29-E30)/E30 -> 0 | X29: =(F29-F33)/F33 -> 0.057142857 | Y29: =(G29-G33)/G33 -> 0.04 | Z29: =(H29-H33)/H33 -> 0.1270073 | AA29: =(I29-I33)/I33 -> 0.046110359 | AB29: =(J29-J33)/J33 -> 0.045027356 | AC29: =(D29-D33)/D33 -> 0.0027777778 | AD29: =(E29-E33)/E33 -> 0.054878049 | AE29: =(F29-F81)/F81 -> 0.23333333 | AF29: =(G29-G81)/G81 -> 0.26829268 | AG29: =(H29-H81)/H81 -> 0.064827586 | AH29: =(I29-I81)/I81 -> 0.13233044 | AI29: =(J29-J81)/J81 -> -0.17392431 | AJ29: =(D29-D81)/D81 -> 0.19933555 | AK29: =(E29-E81)/E81 -> 0.25362319
A30: 46038 | B30: =YEAR(A30) -> 2026 | C30: =MONTH(A30) -> 1 | D30: =AVERAGEIFS(data!G:G,data!A:A,'weekly-forecast'!B30,data!B:B,'weekly-forecast'!C30) -> 361 | E30: =AVERAGEIFS(data!F:F,data!A:A,'weekly-forecast'!B30,data!B:B,'weekly-forecast'!C30) -> 346 | F30: 277.5 | G30: 520 | H30: 374.5 | I30: 3.2358 | J30: 64.594091 | Q30: =(F30-F31)/F31 -> 0.057142857 | R30: =(G30-G31)/G31 -> 0 | S30: =(H30-H31)/H31 -> 0.016282225 | T30: =(I30-I31)/I31 -> -0.046836338 | U30: =(J30-J31)/J31 -> 0 | V30: =(D30-D31)/D31 -> 0 | W30: =(E30-E31)/E31 -> 0 | X30: =(F30-F34)/F34 -> 0.057142857 | Y30: =(G30-G34)/G34 -> 0.04 | Z30: =(H30-H34)/H34 -> 0.093430657 | AA30: =(I30-I34)/I34 -> -0.18345614 | AB30: =(J30-J34)/J34 -> 0.045027356 | AC30: =(D30-D34)/D34 -> 0.0027777778 | AD30: =(E30-E34)/E34 -> 0.054878049 | AE30: =(F30-F82)/F82 -> 0.26712329 | AF30: =(G30-G82)/G82 -> 0.26829268 | AG30: =(H30-H82)/H82 -> 0.033103448 | AH30: =(I30-I82)/I82 -> -0.19870239 | AI30: =(J30-J82)/J82 -> -0.17392431 | AJ30: =(D30-D82)/D82 -> 0.19933555 | AK30: =(E30-E82)/E82 -> 0.25362319
A31: 46031 | B31: =YEAR(A31) -> 2026 | C31: =MONTH(A31) -> 1 | D31: =AVERAGEIFS(data!G:G,data!A:A,'weekly-forecast'!B31,data!B:B,'weekly-forecast'!C31) -> 361 | E31: =AVERAGEIFS(data!F:F,data!A:A,'weekly-forecast'!B31,data!B:B,'weekly-forecast'!C31) -> 346 | F31: 262.5 | G31: 520 | H31: 368.5 | I31: 3.3948 | J31: 64.594091 | Q31: =(F31-F32)/F32 -> 0 | R31: =(G31-G32)/G32 -> 0 | S31: =(H31-H32)/H32 -> 0.038028169 | T31: =(I31-I32)/I32 -> -0.14933283 | U31: =(J31-J32)/J32 -> 0 | V31: =(D31-D32)/D32 -> 0 | W31: =(E31-E32)/E32 -> 0 | X31: =(F31-F35)/F35 -> 0.029411765 | Y31: =(G31-G35)/G35 -> 0.04 | Z31: =(H31-H35)/H35 -> 0.083823529 | AA31: =(I31-I35)/I35 -> -0.24307692 | AB31: =(J31-J35)/J35 -> 0.045027356 | AC31: =(D31-D35)/D35 -> 0.0027777778 | AD31: =(E31-E35)/E35 -> 0.054878049 | AE31: =(F31-F83)/F83 -> 0.19863014 | AF31: =(G31-G83)/G83 -> 0.26829268 | AG31: =(H31-H83)/H83 -> 0.16062992 | AH31: =(I31-I83)/I83 -> -0.080597985 | AI31: =(J31-J83)/J83 -> -0.17392431 | AJ31: =(D31-D83)/D83 -> 0.19933555 | AK31: =(E31-E83)/E83 -> 0.25362319 | AM31: PPAN | AN31: =0.280558110643*D25 + 0.15041224611*D28 - 0.188812610795*G22 + 0.259276330013*G23 + 0.249001945549*F22 - 0.0911542671384*F23- 11.8844751787*I22+ 5.64643067713*I23 + 0.185696475006*H22 + 0.247343345212*H23 - 3.75210437468 -> 482.02343 | AO31: =0.280558110643*D22+0.15041224611*D21-0.188812610795*G22+0.259276330013*G21+0.249001945549*F22-0.0911542671384*F21-11.8844751787*I22+5.64643067713*I21+ 0.185696475006*H21+ 0.247343345212*H22 - 3.75210437468 -> 558.41053 | AP31: =0.280558110643*D21+0.15041224611*D20-0.188812610795*G21+0.259276330013*G20+0.249001945549*F21-0.0911542671384*F20-11.8844751787*I21+5.64643067713*I20+ 0.185696475006*H20+ 0.247343345212*H21 - 3.75210437468 -> 596.48955 | AQ31: =0.280558110643*D20+0.15041224611*D19-0.188812610795*G20+0.259276330013*G19+0.249001945549*F20-0.0911542671384*F19-11.8844751787*I20+5.64643067713*I19+ 0.185696475006*H19+ 0.247343345212*H20 - 3.75210437468 -> 631.96543 | AR31: =0.280558110643*D19+0.15041224611*D18-0.188812610795*G19+0.259276330013*G18+0.249001945549*F19-0.0911542671384*F18-11.8844751787*I19+5.64643067713*I18+ 0.185696475006*H18+ 0.247343345212*H19 - 3.75210437468 -> 659.32411 | AS31: =0.280558110643*D18+0.15041224611*D17-0.188812610795*G18+0.259276330013*G17+0.249001945549*F18-0.0911542671384*F17-11.8844751787*I18+5.64643067713*I17+ 0.185696475006*H17+ 0.247343345212*H18 - 3.75210437468 -> 684.35684 | AT31: =0.280558110643*D17+0.15041224611*D16-0.188812610795*G17+0.259276330013*G16+0.249001945549*F17-0.0911542671384*F16-11.8844751787*I17+5.64643067713*I16+ 0.185696475006*H16+ 0.247343345212*H17 - 3.75210437468 -> 709.17086 | AU31: =0.280558110643*D16+0.15041224611*D15-0.188812610795*G16+0.259276330013*G15+0.249001945549*F16-0.0911542671384*F15-11.8844751787*I16+5.64643067713*I15+ 0.185696475006*H15+ 0.247343345212*H16 - 3.75210437468 -> 748.10893 | AV31: =0.280558110643*D15+0.15041224611*D14-0.188812610795*G15+0.259276330013*G14+0.249001945549*F15-0.0911542671384*F14-11.8844751787*I15+5.64643067713*I14+ 0.185696475006*H14+ 0.247343345212*H15 - 3.75210437468 -> 731.26445 | AW31: =0.280558110643*D14+0.15041224611*D13-0.188812610795*G14+0.259276330013*G13+0.249001945549*F14-0.0911542671384*F13-11.8844751787*I14+5.64643067713*I13+ 0.185696475006*H13+ 0.247343345212*H14 - 3.75210437468 -> 704.79139 | AX31: =0.280558110643*D13+0.15041224611*D12-0.188812610795*G13+0.259276330013*G12+0.249001945549*F13-0.0911542671384*F12-11.8844751787*I13+5.64643067713*I12+ 0.185696475006*H12+ 0.247343345212*H13 - 3.75210437468 -> 681.96865 | AY31: =0.280558110643*D12+0.15041224611*D11-0.188812610795*G12+0.259276330013*G11+0.249001945549*F12-0.0911542671384*F11-11.8844751787*I12+5.64643067713*I11+ 0.185696475006*H11+ 0.247343345212*H12 - 3.75210437468 -> 667.5892 | AZ31: =0.280558110643*D11+0.15041224611*D10-0.188812610795*G12+0.259276330013*G11+0.249001945549*F12-0.0911542671384*F11-11.8844751787*I11+5.64643067713*I10+ 0.185696475006*H11+ 0.247343345212*H12 - 3.75210437468 -> 654.55464 | BA31: =0.280558110643*D10+0.15041224611*D9-0.188812610795*G12+0.259276330013*G11+0.249001945549*F12-0.0911542671384*F11-11.8844751787*I11+5.64643067713*I10+ 0.185696475006*H11+ 0.247343345212*H12 - 3.75210437468 -> 637.98736 | BB31: =0.280558110643*D9+0.15041224611*D8-0.188812610795*G12+0.259276330013*G11+0.249001945549*F12-0.0911542671384*F11-11.8844751787*I11+5.64643067713*I10+ 0.185696475006*H11+ 0.247343345212*H12 - 3.75210437468 -> 620.86619
A32: 46024 | B32: =YEAR(A32) -> 2026 | C32: =MONTH(A32) -> 1 | D32: =AVERAGEIFS(data!G:G,data!A:A,'weekly-forecast'!B32,data!B:B,'weekly-forecast'!C32) -> 361 | E32: =AVERAGEIFS(data!F:F,data!A:A,'weekly-forecast'!B32,data!B:B,'weekly-forecast'!C32) -> 346 | F32: 262.5 | G32: 520 | H32: 355 | I32: 3.99075 | J32: 64.594091 | Q32: =(F32-F33)/F33 -> 0 | R32: =(G32-G33)/G33 -> 0.04 | S32: =(H32-H33)/H33 -> 0.03649635 | T32: =(I32-I33)/I33 -> -0.059949355 | U32: =(J32-J33)/J33 -> 0.045027356 | V32: =(D32-D33)/D33 -> 0.0027777778 | W32: =(E32-E33)/E33 -> 0.054878049 | X32: =(F32-F36)/F36 -> 0.029411765 | Y32: =(G32-G36)/G36 -> 0.066666667 | Z32: =(H32-H36)/H36 -> -0.013888889 | AA32: =(I32-I36)/I36 -> -0.20528318 | AB32: =(J32-J36)/J36 -> 0.045027356 | AC32: =(D32-D36)/D36 -> 0.0027777778 | AD32: =(E32-E36)/E36 -> 0.054878049 | AE32: =(F32-F84)/F84 -> 0.19863014 | AF32: =(G32-G84)/G84 -> 0.26829268 | AG32: =(H32-H84)/H84 -> 0.11811024 | AH32: =(I32-I84)/I84 -> 0.094630734 | AI32: =(J32-J84)/J84 -> -0.17392431 | AJ32: =(D32-D84)/D84 -> 0.19933555 | AK32: =(E32-E84)/E84 -> 0.25362319 | AO32: =AO31-AN31 -> 76.387099 | AP32: =AP31-AO31 -> 38.079025 | AQ32: =AQ31-AP31 -> 35.475873 | AR32: =AR31-AQ31 -> 27.35868 | AS32: =AS31-AR31 -> 25.032732 | AT32: =AT31-AS31 -> 24.814021 | AU32: =AU31-AT31 -> 38.938073 | AV32: =AV31-AU31 -> -16.844485 | ... AZ32: =AZ31-AY31 -> -13.03456
A33: 46017 | B33: =YEAR(A33) -> 2025 | C33: =MONTH(A33) -> 12 | D33: =AVERAGEIFS(data!G:G,data!A:A,'weekly-forecast'!B33,data!B:B,'weekly-forecast'!C33) -> 360 | E33: =AVERAGEIFS(data!F:F,data!A:A,'weekly-forecast'!B33,data!B:B,'weekly-forecast'!C33) -> 328 | F33: 262.5 | G33: 500 | H33: 342.5 | I33: 4.24525 | J33: 61.810909 | K33: =AVERAGE(D33:D36) -> 360 | L33: =AVERAGE(E33:E36) -> 328 | M33: =AVERAGE(F33:F36) -> 258.75 | N33: =AVERAGE(G33:G36) -> 496.875 | O33: =AVERAGE(H33:H36) -> 346.25 | P33: =AVERAGE(I33:I36) -> 4.4286625 | Q33: =(F33-F34)/F34 -> 0 | R33: =(G33-G34)/G34 -> 0 | S33: =(H33-H34)/H34 -> 0 | T33: =(I33-I34)/I34 -> 0.071275361 | U33: =(J33-J34)/J34 -> 0 | V33: =(D33-D34)/D34 -> 0 | W33: =(E33-E34)/E34 -> 0 | X33: =(F33-F37)/F37 -> 0.029411765 | Y33: =(G33-G37)/G37 -> 0.052631579 | Z33: =(H33-H37)/H37 -> -0.056473829 | AA33: =(I33-I37)/I37 -> -0.076165606 | AB33: =(J33-J37)/J37 -> -0.029557033 | AC33: =(D33-D37)/D37 -> 0 | AD33: =(E33-E37)/E37 -> 0 | AE33: =(F33-F85)/F85 -> 0.19863014 | AF33: =(G33-G85)/G85 -> 0.2195122 | AG33: =(H33-H85)/H85 -> 0.078740157 | AH33: =(I33-I85)/I85 -> 0.14496662 | AI33: =(J33-J85)/J85 -> -0.15590841 | AJ33: =(D33-D85)/D85 -> 0.33333333 | AK33: =(E33-E85)/E85 -> 0.3442623 | AO33: =AO31-AO27 -> 47.419458 | AP33: =AP31-AP27 -> 92.840376 | AQ33: =AQ31-AQ27 -> 61.240002 | AR33: =AR31-AR27 -> 102.78293 | AS33: =AS31-AS27 -> 106.61192
A34: 46010 | B34: =YEAR(A34) -> 2025 | C34: =MONTH(A34) -> 12 | D34: =AVERAGEIFS(data!G:G,data!A:A,'weekly-forecast'!B34,data!B:B,'weekly-forecast'!C34) -> 360 | E34: =AVERAGEIFS(data!F:F,data!A:A,'weekly-forecast'!B34,data!B:B,'weekly-forecast'!C34) -> 328 | F34: 262.5 | G34: 500 | H34: 342.5 | I34: 3.9628 | J34: 61.810909 | Q34: =(F34-F35)/F35 -> 0.029411765 | R34: =(G34-G35)/G35 -> 0 | S34: =(H34-H35)/H35 -> 0.0073529412 | T34: =(I34-I35)/I35 -> -0.11643255 | U34: =(J34-J35)/J35 -> 0 | V34: =(D34-D35)/D35 -> 0 | W34: =(E34-E35)/E35 -> 0 | X34: =(F34-F38)/F38 -> 0.082474227 | Y34: =(G34-G38)/G38 -> 0.063829787 | Z34: =(H34-H38)/H38 -> -0.056473829 | AA34: =(I34-I38)/I38 -> -0.11291189 | AB34: =(J34-J38)/J38 -> -0.029557033 | AC34: =(D34-D38)/D38 -> 0 | AD34: =(E34-E38)/E38 -> 0 | AE34: =(F34-F86)/F86 -> 0.19863014 | AF34: =(G34-G86)/G86 -> 0.2195122 | AG34: =(H34-H86)/H86 -> 0.078740157 | AH34: =(I34-I86)/I86 -> 0.15010448 | AI34: =(J34-J86)/J86 -> -0.15590841 | AJ34: =(D34-D86)/D86 -> 0.33333333 | AK34: =(E34-E86)/E86 -> 0.3442623
A35: 46003 | B35: =YEAR(A35) -> 2025 | C35: =MONTH(A35) -> 12 | D35: =AVERAGEIFS(data!G:G,data!A:A,'weekly-forecast'!B35,data!B:B,'weekly-forecast'!C35) -> 360 | E35: =AVERAGEIFS(data!F:F,data!A:A,'weekly-forecast'!B35,data!B:B,'weekly-forecast'!C35) -> 328 | F35: 255 | G35: 500 | H35: 340 | I35: 4.485 | J35: 61.810909 | Q35: =(F35-F36)/F36 -> 0 | R35: =(G35-G36)/G36 -> 0.025641026 | S35: =(H35-H36)/H36 -> -0.055555556 | T35: =(I35-I36)/I36 -> -0.10685837 | U35: =(J35-J36)/J36 -> 0 | V35: =(D35-D36)/D36 -> 0 | W35: =(E35-E36)/E36 -> 0 | X35: =(F35-F39)/F39 -> 0.051546392 | Y35: =(G35-G39)/G39 -> 0.17647059 | Z35: =(H35-H39)/H39 -> -0.087248322 | AA35: =(I35-I39)/I39 -> -0.009846344 | AB35: =(J35-J39)/J39 -> -0.029557033 | AC35: =(D35-D39)/D39 -> 0 | AD35: =(E35-E39)/E39 -> 0 | AE35: =(F35-F87)/F87 -> 0.15909091 | AF35: =(G35-G87)/G87 -> 0.2195122 | AG35: =(H35-H87)/H87 -> 0.10569106 | AH35: =(I35-I87)/I87 -> 0.36255924 | AI35: =(J35-J87)/J87 -> -0.15590841 | AJ35: =(D35-D87)/D87 -> 0.33333333 | AK35: =(E35-E87)/E87 -> 0.3442623 | AM35: PPAN = 0.280558110643*PPAN(-1) + 0.15041224611*PPAN(-2) - 0.188812610795*AMMONIA(-1) + 0.259276330013*AMMONIA(-2) + 0.249001945549*BALTIC_AN(-1) - 0.0911542671384*BALTIC_AN(-2) - 11.8844751787*NATURAL_GAS(-1) + 5.64643067713*NATURAL_GAS(-2) + 0.185696475006*UREA(-1) + 0.247343345212*UREA(-2) - 3.75210437468
A36: 45996 | B36: =YEAR(A36) -> 2025 | C36: =MONTH(A36) -> 12 | D36: =AVERAGEIFS(data!G:G,data!A:A,'weekly-forecast'!B36,data!B:B,'weekly-forecast'!C36) -> 360 | E36: =AVERAGEIFS(data!F:F,data!A:A,'weekly-forecast'!B36,data!B:B,'weekly-forecast'!C36) -> 328 | F36: 255 | G36: 487.5 | H36: 360 | I36: 5.0216 | J36: 61.810909 | Q36: =(F36-F37)/F37 -> 0 | R36: =(G36-G37)/G37 -> 0.026315789 | S36: =(H36-H37)/H37 -> -0.0082644628 | T36: =(I36-I37)/I37 -> 0.092780589 | U36: =(J36-J37)/J37 -> -0.029557033 | V36: =(D36-D37)/D37 -> 0 | W36: =(E36-E37)/E37 -> 0 | X36: =(F36-F40)/F40 -> 0.02 | Y36: =(G36-G40)/G40 -> 0.14705882 | Z36: =(H36-H40)/H40 -> -0.033557047 | AA36: =(I36-I40)/I40 -> 0.16710826 | AB36: =(J36-J40)/J40 -> -0.029557033 | AC36: =(D36-D40)/D40 -> 0 | AD36: =(E36-E40)/E40 -> 0 | AE36: =(F36-F88)/F88 -> 0.14606742 | AF36: =(G36-G88)/G88 -> 0.13372093 | AG36: =(H36-H88)/H88 -> 0.17073171 | AH36: =(I36-I88)/I88 -> 0.62479777 | AI36: =(J36-J88)/J88 -> -0.15590841 | AJ36: =(D36-D88)/D88 -> 0.33333333 | AK36: =(E36-E88)/E88 -> 0.3442623
A37: 45989 | B37: =YEAR(A37) -> 2025 | C37: =MONTH(A37) -> 11 | D37: =AVERAGEIFS(data!G:G,data!A:A,'weekly-forecast'!B37,data!B:B,'weekly-forecast'!C37) -> 360 | E37: =AVERAGEIFS(data!F:F,data!A:A,'weekly-forecast'!B37,data!B:B,'weekly-forecast'!C37) -> 328 | F37: 255 | G37: 475 | H37: 363 | I37: 4.59525 | J37: 63.6935 | K37: =AVERAGE(D37:D40) -> 360 | L37: =AVERAGE(E37:E40) -> 328 | M37: =AVERAGE(F37:F40) -> 247.5 | N37: =AVERAGE(G37:G40) -> 448.75 | O37: =AVERAGE(H37:H40) -> 367.75 | P37: =AVERAGE(I37:I40) -> 4.4736625 | Q37: =(F37-F38)/F38 -> 0.051546392 | R37: =(G37-G38)/G38 -> 0.010638298 | S37: =(H37-H38)/H38 -> 0 | T37: =(I37-I38)/I38 -> 0.028664488 | U37: =(J37-J38)/J38 -> 0 | V37: =(D37-D38)/D38 -> 0 | W37: =(E37-E38)/E38 -> 0 | X37: =(F37-F41)/F41 -> 0.02 | Y37: =(G37-G41)/G41 -> 0.11764706 | Z37: =(H37-H41)/H41 -> -0.018918919 | AA37: =(I37-I41)/I41 -> 0.25945568 | AB37: =(J37-J41)/J41 -> -0.004498257 | AC37: =(D37-D41)/D41 -> -0.12408759 | AD37: =(E37-E41)/E41 -> -0.12533333 | AE37: =(F37-F89)/F89 -> 0.14606742 | AF37: =(G37-G89)/G89 -> 0.10465116 | AG37: =(H37-H89)/H89 -> 0.1616 | AH37: =(I37-I89)/I89 -> 0.37510287 | AI37: =(J37-J89)/J89 -> -0.13352282 | AJ37: =(D37-D89)/D89 -> 0.33333333 | AK37: =(E37-E89)/E89 -> 0.23773585
A38: 45982 | B38: =YEAR(A38) -> 2025 | C38: =MONTH(A38) -> 11 | D38: =AVERAGEIFS(data!G:G,data!A:A,'weekly-forecast'!B38,data!B:B,'weekly-forecast'!C38) -> 360 | E38: =AVERAGEIFS(data!F:F,data!A:A,'weekly-forecast'!B38,data!B:B,'weekly-forecast'!C38) -> 328 | F38: 242.5 | G38: 470 | H38: 363 | I38: 4.4672 | J38: 63.6935 | Q38: =(F38-F39)/F39 -> 0 | R38: =(G38-G39)/G39 -> 0.10588235 | S38: =(H38-H39)/H39 -> -0.025503356 | T38: =(I38-I39)/I39 -> -0.013776051 | U38: =(J38-J39)/J39 -> 0 | V38: =(D38-D39)/D39 -> 0 | W38: =(E38-E39)/E39 -> 0 | X38: =(F38-F42)/F42 -> -0.03 | Y38: =(G38-G42)/G42 -> 0.13939394 | Z38: =(H38-H42)/H42 -> 0.029787234 | AA38: =(I38-I42)/I42 -> 0.31628263 | AB38: =(J38-J42)/J42 -> -0.004498257 | AC38: =(D38-D42)/D42 -> -0.12408759 | AD38: =(E38-E42)/E42 -> -0.12533333 | AE38: =(F38-F90)/F90 -> 0.010416667 | AF38: =(G38-G90)/G90 -> 0.093023256 | AG38: =(H38-H90)/H90 -> 0.1616 | AH38: =(I38-I90)/I90 -> 0.42886387 | AI38: =(J38-J90)/J90 -> -0.13352282 | AJ38: =(D38-D90)/D90 -> 0.33333333 | AK38: =(E38-E90)/E90 -> 0.23773585
A39: 45975 | B39: =YEAR(A39) -> 2025 | C39: =MONTH(A39) -> 11 | D39: =AVERAGEIFS(data!G:G,data!A:A,'weekly-forecast'!B39,data!B:B,'weekly-forecast'!C39) -> 360 | E39: =AVERAGEIFS(data!F:F,data!A:A,'weekly-forecast'!B39,data!B:B,'weekly-forecast'!C39) -> 328 | F39: 242.5 | G39: 425 | H39: 372.5 | I39: 4.5296 | J39: 63.6935 | Q39: =(F39-F40)/F40 -> -0.03 | R39: =(G39-G40)/G40 -> 0 | S39: =(H39-H40)/H40 -> 0 | T39: =(I39-I40)/I40 -> 0.052758797 | U39: =(J39-J40)/J40 -> 0 | V39: =(D39-D40)/D40 -> 0 | W39: =(E39-E40)/E40 -> 0 | X39: =(F39-F43)/F43 -> 0.043010753 | Y39: =(G39-G43)/G43 -> 0.055900621 | Z39: =(H39-H43)/H43 -> 0.027586207 | AA39: =(I39-I43)/I43 -> 0.49907334 | AB39: =(J39-J43)/J43 -> -0.004498257 | AC39: =(D39-D43)/D43 -> -0.12408759 | AD39: =(E39-E43)/E43 -> -0.12533333 | AE39: =(F39-F91)/F91 -> 0.010416667 | AF39: =(G39-G91)/G91 -> -0.011627907 | AG39: =(H39-H91)/H91 -> 0.192 | AH39: =(I39-I91)/I91 -> 0.57081426 | AI39: =(J39-J91)/J91 -> -0.13352282 | AJ39: =(D39-D91)/D91 -> 0.33333333 | AK39: =(E39-E91)/E91 -> 0.23773585
A40: 45968 | B40: =YEAR(A40) -> 2025 | C40: =MONTH(A40) -> 11 | D40: =AVERAGEIFS(data!G:G,data!A:A,'weekly-forecast'!B40,data!B:B,'weekly-forecast'!C40) -> 360 | E40: =AVERAGEIFS(data!F:F,data!A:A,'weekly-forecast'!B40,data!B:B,'weekly-forecast'!C40) -> 328 | F40: 250 | G40: 425 | H40: 372.5 | I40: 4.3026 | J40: 63.6935 | Q40: =(F40-F41)/F41 -> 0 | R40: =(G40-G41)/G41 -> 0 | S40: =(H40-H41)/H41 -> 0.0067567568 | T40: =(I40-I41)/I41 -> 0.17924683 | U40: =(J40-J41)/J41 -> -0.004498257 | V40: =(D40-D41)/D41 -> -0.12408759 | W40: =(E40-E41)/E41 -> -0.12533333 | X40: =(F40-F44)/F44 -> 0.052631579 | Y40: =(G40-G44)/G44 -> 0.11842105 | Z40: =(H40-H44)/H44 -> 0.0067567568 | AA40: =(I40-I44)/I44 -> 0.2988589 | AB40: =(J40-J44)/J44 -> -0.004498257 | AC40: =(D40-D44)/D44 -> -0.12408759 | AD40: =(E40-E44)/E44 -> -0.12533333 | AE40: =(F40-F92)/F92 -> 0.030927835 | AF40: =(G40-G92)/G92 -> -0.011627907 | AG40: =(H40-H92)/H92 -> 0.1677116 | AH40: =(I40-I92)/I92 -> 0.58650442 | AI40: =(J40-J92)/J92 -> -0.13352282 | AJ40: =(D40-D92)/D92 -> 0.33333333 | AK40: =(E40-E92)/E92 -> 0.23773585
A41: 45961 | B41: =YEAR(A41) -> 2025 | C41: =MONTH(A41) -> 10 | D41: =AVERAGEIFS(data!G:G,data!A:A,'weekly-forecast'!B41,data!B:B,'weekly-forecast'!C41) -> 411 | E41: =AVERAGEIFS(data!F:F,data!A:A,'weekly-forecast'!B41,data!B:B,'weekly-forecast'!C41) -> 375 | F41: 250 | G41: 425 | H41: 370 | I41: 3.6486 | J41: 63.981304 | K41: =AVERAGE(D41:D45) -> 411 | L41: =AVERAGE(E41:E45) -> 375 | M41: =AVERAGE(F41:F45) -> 245 | N41: =AVERAGE(G41:G45) -> 400 | O41: =AVERAGE(H41:H45) -> 365.5 | P41: =AVERAGE(I41:I45) -> 3.3478 | Q41: =(F41-F42)/F42 -> 0 | R41: =(G41-G42)/G42 -> 0.03030303 | S41: =(H41-H42)/H42 -> 0.04964539 | T41: =(I41-I42)/I42 -> 0.075078084 | U41: =(J41-J42)/J42 -> 0 | V41: =(D41-D42)/D42 -> 0 | W41: =(E41-E42)/E42 -> 0 | X41: =(F41-F45)/F45 -> -0.019607843 | Y41: =(G41-G45)/G45 -> 0.11842105 | Z41: =(H41-H45)/H45 -> -0.0067114094 | AA41: =(I41-I45)/I45 -> 0.085117773 | AB41: =(J41-J45)/J45 -> 0 | AC41: =(D41-D45)/D45 -> 0 | AD41: =(E41-E45)/E45 -> 0 | AE41: =(F41-F93)/F93 -> 0.020408163 | AF41: =(G41-G93)/G93 -> -0.011627907 | AG41: =(H41-H93)/H93 -> 0.13846154 | AH41: =(I41-I93)/I93 -> 0.41748252 | AI41: =(J41-J93)/J93 -> -0.12960757 | AJ41: =(D41-D93)/D93 -> 0.52222222 | AK41: =(E41-E93)/E93 -> 0.41509434
A42: 45954 | B42: =YEAR(A42) -> 2025 | C42: =MONTH(A42) -> 10 | D42: =AVERAGEIFS(data!G:G,data!A:A,'weekly-forecast'!B42,data!B:B,'weekly-forecast'!C42) -> 411 | E42: =AVERAGEIFS(data!F:F,data!A:A,'weekly-forecast'!B42,data!B:B,'weekly-forecast'!C42) -> 375 | F42: 250 | G42: 412.5 | H42: 352.5 | I42: 3.3938 | J42: 63.981304 | Q42: =(F42-F43)/F43 -> 0.075268817 | R42: =(G42-G43)/G43 -> 0.02484472 | S42: =(H42-H43)/H43 -> -0.027586207 | T42: =(I42-I43)/I43 -> 0.12317977 | U42: =(J42-J43)/J43 -> 0 | V42: =(D42-D43)/D43 -> 0 | W42: =(E42-E43)/E43 -> 0 | X42: =(F42-F46)/F46 -> -0.056603774 | Y42: =(G42-G46)/G46 -> 0.1 | Z42: =(H42-H46)/H46 -> -0.066225166 | AA42: =(I42-I46)/I46 -> 0.19030584 | AB42: =(J42-J46)/J46 -> -0.053658266 | AC42: =(D42-D46)/D46 -> 0.051150895 | AD42: =(E42-E46)/E46 -> 0.0053619303 | AE42: =(F42-F94)/F94 -> 0.01010101 | AF42: =(G42-G94)/G94 -> -0.040697674 | AG42: =(H42-H94)/H94 -> 0.084615385 | AH42: =(I42-I94)/I94 -> 0.40856645 | AI42: =(J42-J94)/J94 -> -0.14993675 | AJ42: =(D42-D94)/D94 -> 0.52222222 | AK42: =(E42-E94)/E94 -> 0.44787645
A43: 45947 | B43: =YEAR(A43) -> 2025 | C43: =MONTH(A43) -> 10 | D43: =AVERAGEIFS(data!G:G,data!A:A,'weekly-forecast'!B43,data!B:B,'weekly-forecast'!C43) -> 411 | E43: =AVERAGEIFS(data!F:F,data!A:A,'weekly-forecast'!B43,data!B:B,'weekly-forecast'!C43) -> 375 | F43: 232.5 | G43: 402.5 | H43: 362.5 | I43: 3.0216 | J43: 63.981304 | Q43: =(F43-F44)/F44 -> -0.021052632 | R43: =(G43-G44)/G44 -> 0.059210526 | S43: =(H43-H44)/H44 -> -0.02027027 | T43: =(I43-I44)/I44 -> -0.087846405 | U43: =(J43-J44)/J44 -> 0 | V43: =(D43-D44)/D44 -> 0 | W43: =(E43-E44)/E44 -> 0 | X43: =(F43-F47)/F47 -> -0.15454545 | Y43: =(G43-G47)/G47 -> 0.11034483 | Z43: =(H43-H47)/H47 -> -0.064516129 | AA43: =(I43-I47)/I47 -> 0.0023220328 | AB43: =(J43-J47)/J47 -> -0.053658266 | AC43: =(D43-D47)/D47 -> 0.051150895 | AD43: =(E43-E47)/E47 -> 0.0053619303 | AE43: =(F43-F95)/F95 -> -0.021052632 | AF43: =(G43-G95)/G95 -> -0.063953488 | AG43: =(H43-H95)/H95 -> 0.11538462 | AH43: =(I43-I95)/I95 -> 0.26278837 | AI43: =(J43-J95)/J95 -> -0.14993675 | AJ43: =(D43-D95)/D95 -> 0.52222222 | AK43: =(E43-E95)/E95 -> 0.44787645
A44: 45940 | B44: =YEAR(A44) -> 2025 | C44: =MONTH(A44) -> 10 | D44: =AVERAGEIFS(data!G:G,data!A:A,'weekly-forecast'!B44,data!B:B,'weekly-forecast'!C44) -> 411 | E44: =AVERAGEIFS(data!F:F,data!A:A,'weekly-forecast'!B44,data!B:B,'weekly-forecast'!C44) -> 375 | F44: 237.5 | G44: 380 | H44: 370 | I44: 3.3126 | J44: 63.981304 | Q44: =(F44-F45)/F45 -> -0.068627451 | R44: =(G44-G45)/G45 -> 0 | S44: =(H44-H45)/H45 -> -0.0067114094 | T44: =(I44-I45)/I45 -> -0.014810849 | U44: =(J44-J45)/J45 -> 0 | V44: =(D44-D45)/D45 -> 0 | W44: =(E44-E45)/E45 -> 0 | X44: =(F44-F48)/F48 -> -0.17391304 | Y44: =(G44-G48)/G48 -> 0.10144928 | Z44: =(H44-H48)/H48 -> -0.031413613 | AA44: =(I44-I48)/I48 -> 0.096088942 | AB44: =(J44-J48)/J48 -> -0.053658266 | AC44: =(D44-D48)/D48 -> 0.051150895 | AD44: =(E44-E48)/E48 -> 0.0053619303 | AE44: =(F44-F96)/F96 -> 0 | AF44: =(G44-G96)/G96 -> -0.11627907 | AG44: =(H44-H96)/H96 -> 0.12121212 | AH44: =(I44-I96)/I96 -> 0.23181615 | AI44: =(J44-J96)/J96 -> -0.14993675 | AJ44: =(D44-D96)/D96 -> 0.52222222 | AK44: =(E44-E96)/E96 -> 0.44787645 | AM44: 2026 оны 5-р сарын 29-ны өдрийн Bloomberg Terminal үнийн өөрчлөлт: Baltic AN 467.5$ өмнөх долоо хоногоос 6.5% бууралттай, өмнөх сараас 8.3% бууралттай, өмнөх мөн үеэс 122.6% өсөлттэй байна. Ammonia 800$ өмнөх долоо хоногоос 4.9% өсөлттэй, өмнөх сараас 8.9% өсөлттэй, өмнөх мөн үеэс 152.1% өсөлттэй байна. UREA 545$ өмнөх долоо хоногоос 6.4% бууралттай, өмнөх сараас 24% бууралттай, өмнөх мөн үеэс 53.5% өсөлттэй байна. Natural gas 3.03$ өмнөх долоо хоногоос 0.3% өсөлттэй, өмнөх сараас 16.1% өсөлттэй, өмнөх мөн үеэс 10.7% бууралттай байна. 2026 оны 6-р сарын 5-ны өдрийн АН-ийн үнийн хамаарлын таамаглал PPAN: 670.92 HDAN:563.96 байна. PPAN 670.92$ өмнөх долоо хоногоос 2% бууралттай, өмнөх сараас 2.8% бууралттай, өмнөх мөн үеэс 110.7% өсөлттэй байна. HDAN 563.96$ өмнөх долоо хоногоос 3.9% бууралттай, өмнөх сараас 3.5% бууралттай, өмнөх мөн үеэс 82.9% өсөлттэй байна.
A45: 45933 | B45: =YEAR(A45) -> 2025 | C45: =MONTH(A45) -> 10 | D45: =AVERAGEIFS(data!G:G,data!A:A,'weekly-forecast'!B45,data!B:B,'weekly-forecast'!C45) -> 411 | E45: =AVERAGEIFS(data!F:F,data!A:A,'weekly-forecast'!B45,data!B:B,'weekly-forecast'!C45) -> 375 | F45: 255 | G45: 380 | H45: 372.5 | I45: 3.3624 | J45: 63.981304 | Q45: =(F45-F46)/F46 -> -0.037735849 | R45: =(G45-G46)/G46 -> 0.013333333 | S45: =(H45-H46)/H46 -> -0.013245033 | T45: =(I45-I46)/I46 -> 0.17929293 | U45: =(J45-J46)/J46 -> -0.053658266 | V45: =(D45-D46)/D46 -> 0.051150895 | W45: =(E45-E46)/E46 -> 0.0053619303 | X45: =(F45-F49)/F49 -> -0.13559322 | Y45: =(G45-G49)/G49 -> 0.16030534 | Z45: =(H45-H49)/H49 -> -0.085889571 | AA45: =(I45-I49)/I49 -> 0.10287823 | AB45: =(J45-J49)/J49 -> -0.053658266 | AC45: =(D45-D49)/D49 -> 0.051150895 | AD45: =(E45-E49)/E49 -> 0.0053619303 | AE45: =(F45-F97)/F97 -> 0.03030303 | AF45: =(G45-G97)/G97 -> -0.11627907 | AG45: =(H45-H97)/H97 -> 0.21138211 | AH45: =(I45-I97)/I97 -> 0.15713401 | AI45: =(J45-J97)/J97 -> -0.14993675 | AJ45: =(D45-D97)/D97 -> 0.52222222 | AK45: =(E45-E97)/E97 -> 0.44787645
A46: 45926 | B46: =YEAR(A46) -> 2025 | C46: =MONTH(A46) -> 9 | D46: =AVERAGEIFS(data!G:G,data!A:A,'weekly-forecast'!B46,data!B:B,'weekly-forecast'!C46) -> 391 | E46: =AVERAGEIFS(data!F:F,data!A:A,'weekly-forecast'!B46,data!B:B,'weekly-forecast'!C46) -> 373 | F46: 265 | G46: 375 | H46: 377.5 | I46: 2.8512 | J46: 67.609091 | K46: =AVERAGE(D46:D49) -> 391 | L46: =AVERAGE(E46:E49) -> 373 | M46: =AVERAGE(F46:F49) -> 280.625 | N46: =AVERAGE(G46:G49) -> 352.5 | O46: =AVERAGE(H46:H49) -> 388.625 | P46: =AVERAGE(I46:I49) -> 2.9841875 | Q46: =(F46-F47)/F47 -> -0.036363636 | R46: =(G46-G47)/G47 -> 0.034482759 | S46: =(H46-H47)/H47 -> -0.025806452 | T46: =(I46-I47)/I47 -> -0.054202879 | U46: =(J46-J47)/J47 -> 0 | V46: =(D46-D47)/D47 -> 0 | W46: =(E46-E47)/E47 -> 0 | X46: =(F46-F50)/F50 -> -0.13114754 | Y46: =(G46-G50)/G50 -> 0.14503817 | Z46: =(H46-H50)/H50 -> -0.14204545 | AA46: =(I46-I50)/I50 -> 0.002461149 | AB46: =(J46-J50)/J50 -> 0.0054250735 | AC46: =(D46-D50)/D50 -> 0.056756757 | AD46: =(E46-E50)/E50 -> 0.0081081081 | AE46: =(F46-F98)/F98 -> 0.070707071 | AF46: =(G46-G98)/G98 -> -0.12790698 | AG46: =(H46-H98)/H98 -> 0.22764228 | AH46: =(I46-I98)/I98 -> 0.072847682 | AI46: =(J46-J98)/J98 -> -0.074578507 | AJ46: =(D46-D98)/D98 -> 0.5515873 | AK46: =(E46-E98)/E98 -> 0.62882096
A47: 45919 | B47: =YEAR(A47) -> 2025 | C47: =MONTH(A47) -> 9 | D47: =AVERAGEIFS(data!G:G,data!A:A,'weekly-forecast'!B47,data!B:B,'weekly-forecast'!C47) -> 391 | E47: =AVERAGEIFS(data!F:F,data!A:A,'weekly-forecast'!B47,data!B:B,'weekly-forecast'!C47) -> 373 | F47: 275 | G47: 362.5 | H47: 387.5 | I47: 3.0146 | J47: 67.609091 | Q47: =(F47-F48)/F48 -> -0.043478261 | R47: =(G47-G48)/G48 -> 0.050724638 | S47: =(H47-H48)/H48 -> 0.014397906 | T47: =(I47-I48)/I48 -> -0.0025147244 | U47: =(J47-J48)/J48 -> 0 | V47: =(D47-D48)/D48 -> 0 | W47: =(E47-E48)/E48 -> 0 | X47: =(F47-F51)/F51 -> -0.11290323 | Y47: =(G47-G51)/G51 -> 0.11538462 | Z47: =(H47-H51)/H51 -> -0.12823397 | AA47: =(I47-I51)/I51 -> 0.081897789 | AB47: =(J47-J51)/J51 -> 0.0054250735 | AC47: =(D47-D51)/D51 -> 0.056756757 | AD47: =(E47-E51)/E51 -> 0.0081081081 | AE47: =(F47-F99)/F99 -> 0.1 | AF47: =(G47-G99)/G99 -> -0.15697674 | AG47: =(H47-H99)/H99 -> 0.28099174 | AH47: =(I47-I99)/I99 -> 0.2813908 | AI47: =(J47-J99)/J99 -> -0.074578507 | AJ47: =(D47-D99)/D99 -> 0.5515873 | AK47: =(E47-E99)/E99 -> 0.62882096
A48: 45912 | B48: =YEAR(A48) -> 2025 | C48: =MONTH(A48) -> 9 | D48: =AVERAGEIFS(data!G:G,data!A:A,'weekly-forecast'!B48,data!B:B,'weekly-forecast'!C48) -> 391 | E48: =AVERAGEIFS(data!F:F,data!A:A,'weekly-forecast'!B48,data!B:B,'weekly-forecast'!C48) -> 373 | F48: 287.5 | G48: 345 | H48: 382 | I48: 3.0222 | J48: 67.609091 | Q48: =(F48-F49)/F49 -> -0.025423729 | R48: =(G48-G49)/G49 -> 0.053435115 | S48: =(H48-H49)/H49 -> -0.062576687 | T48: =(I48-I49)/I49 -> -0.0087084871 | U48: =(J48-J49)/J49 -> 0 | V48: =(D48-D49)/D49 -> 0 | W48: =(E48-E49)/E49 -> 0 | X48: =(F48-F52)/F52 -> -0.082934609 | Y48: =(G48-G52)/G52 -> 0.061538462 | Z48: =(H48-H52)/H52 -> -0.14541387 | AA48: =(I48-I52)/I52 -> 0.053251551 | AB48: =(J48-J52)/J52 -> 0.0054250735 | AC48: =(D48-D52)/D52 -> 0.056756757 | AD48: =(E48-E52)/E52 -> 0.0081081081 | AE48: =(F48-F100)/F100 -> 0.13861386 | AF48: =(G48-G100)/G100 -> -0.0071942446 | AG48: =(H48-H100)/H100 -> 0.28403361 | AH48: =(I48-I100)/I100 -> 0.3332451 | AI48: =(J48-J100)/J100 -> -0.074578507 | AJ48: =(D48-D100)/D100 -> 0.5515873 | AK48: =(E48-E100)/E100 -> 0.62882096
A49: 45905 | B49: =YEAR(A49) -> 2025 | C49: =MONTH(A49) -> 9 | D49: =AVERAGEIFS(data!G:G,data!A:A,'weekly-forecast'!B49,data!B:B,'weekly-forecast'!C49) -> 391 | E49: =AVERAGEIFS(data!F:F,data!A:A,'weekly-forecast'!B49,data!B:B,'weekly-forecast'!C49) -> 373 | F49: 295 | G49: 327.5 | H49: 407.5 | I49: 3.04875 | J49: 67.609091 | Q49: =(F49-F50)/F50 -> -0.032786885 | R49: =(G49-G50)/G50 -> 0 | S49: =(H49-H50)/H50 -> -0.073863636 | T49: =(I49-I50)/I50 -> 0.07191829 | U49: =(J49-J50)/J50 -> 0.0054250735 | V49: =(D49-D50)/D50 -> 0.056756757 | W49: =(E49-E50)/E50 -> 0.0081081081 | X49: =(F49-F53)/F53 -> -0.0084033613 | Y49: =(G49-G53)/G53 -> 0.0076923077 | Z49: =(H49-H53)/H53 -> -0.089385475 | AA49: =(I49-I53)/I53 -> 0.011126957 | AB49: =(J49-J53)/J53 -> 0.0054250735 | AC49: =(D49-D53)/D53 -> 0.056756757 | AD49: =(E49-E53)/E53 -> 0.0081081081 | AE49: =(F49-F101)/F101 -> 0.21649485 | AF49: =(G49-G101)/G101 -> -0.057553957 | AG49: =(H49-H101)/H101 -> 0.35833333 | AH49: =(I49-I101)/I101 -> 0.37377492 | AI49: =(J49-J101)/J101 -> -0.074578507 | AJ49: =(D49-D101)/D101 -> 0.5515873 | AK49: =(E49-E101)/E101 -> 0.62882096
A50: 45898 | B50: =YEAR(A50) -> 2025 | C50: =MONTH(A50) -> 8 | D50: =AVERAGEIFS(data!G:G,data!A:A,'weekly-forecast'!B50,data!B:B,'weekly-forecast'!C50) -> 370 | E50: =AVERAGEIFS(data!F:F,data!A:A,'weekly-forecast'!B50,data!B:B,'weekly-forecast'!C50) -> 370 | F50: 305 | G50: 327.5 | H50: 440 | I50: 2.8442 | J50: 67.244286 | K50: =AVERAGE(D50:D54) -> 370 | L50: =AVERAGE(E50:E54) -> 370 | M50: =AVERAGE(F50:F54) -> 308.7 | N50: =AVERAGE(G50:G54) -> 323.5 | O50: =AVERAGE(H50:H54) -> 443.8 | P50: =AVERAGE(I50:I54) -> 2.91516 | Q50: =(F50-F51)/F51 -> -0.016129032 | R50: =(G50-G51)/G51 -> 0.0076923077 | S50: =(H50-H51)/H51 -> -0.010123735 | T50: =(I50-I51)/I51 -> 0.020743612 | U50: =(J50-J51)/J51 -> 0 | V50: =(D50-D51)/D51 -> 0 | W50: =(E50-E51)/E51 -> 0 | X50: =(F50-F54)/F54 -> -0.039370079 | Y50: =(G50-G54)/G54 -> 0.03968254 | Z50: =(H50-H54)/H54 -> 0 | AA50: =(I50-I54)/I54 -> -0.070705091 | AB50: =(J50-J54)/J54 -> 0 | AC50: =(D50-D54)/D54 -> 0 | AD50: =(E50-E54)/E54 -> 0 | AE50: =(F50-F102)/F102 -> 0.23232323 | AF50: =(G50-G102)/G102 -> -0.090277778 | AG50: =(H50-H102)/H102 -> 0.45454545 | AH50: =(I50-I102)/I102 -> 0.41446191 | AI50: =(J50-J102)/J102 -> -0.14900726 | AJ50: =(D50-D102)/D102 -> 0.33574007 | AK50: =(E50-E102)/E102 -> 0.48
A51: 45891 | B51: =YEAR(A51) -> 2025 | C51: =MONTH(A51) -> 8 | D51: =AVERAGEIFS(data!G:G,data!A:A,'weekly-forecast'!B51,data!B:B,'weekly-forecast'!C51) -> 370 | E51: =AVERAGEIFS(data!F:F,data!A:A,'weekly-forecast'!B51,data!B:B,'weekly-forecast'!C51) -> 370 | F51: 310 | G51: 325 | H51: 444.5 | I51: 2.7864 | J51: 67.244286 | Q51: =(F51-F52)/F52 -> -0.011164274 | R51: =(G51-G52)/G52 -> 0 | S51: =(H51-H52)/H52 -> -0.0055928412 | T51: =(I51-I52)/I52 -> -0.028925908 | U51: =(J51-J52)/J52 -> 0 | V51: =(D51-D52)/D52 -> 0 | W51: =(E51-E52)/E52 -> 0 | X51: =(F51-F55)/F55 -> -0.03125 | Y51: =(G51-G55)/G55 -> 0.031746032 | Z51: =(H51-H55)/H55 -> 0.038551402 | AA51: =(I51-I55)/I55 -> -0.12145289 | AB51: =(J51-J55)/J55 -> -0.033357351 | AC51: =(D51-D55)/D55 -> 0.15625 | AD51: =(E51-E55)/E55 -> 0.2012987 | AE51: =(F51-F103)/F103 -> 0.27835052 | AF51: =(G51-G103)/G103 -> -0.078014184 | AG51: =(H51-H103)/H103 -> 0.48166667 | AH51: =(I51-I103)/I103 -> 0.30388395 | AI51: =(J51-J103)/J103 -> -0.14900726 | AJ51: =(D51-D103)/D103 -> 0.33574007 | AK51: =(E51-E103)/E103 -> 0.48
A52: 45884 | B52: =YEAR(A52) -> 2025 | C52: =MONTH(A52) -> 8 | D52: =AVERAGEIFS(data!G:G,data!A:A,'weekly-forecast'!B52,data!B:B,'weekly-forecast'!C52) -> 370 | E52: =AVERAGEIFS(data!F:F,data!A:A,'weekly-forecast'!B52,data!B:B,'weekly-forecast'!C52) -> 370 | F52: 313.5 | G52: 325 | H52: 447 | I52: 2.8694 | J52: 67.244286 | Q52: =(F52-F53)/F53 -> 0.053781513 | R52: =(G52-G53)/G53 -> 0 | S52: =(H52-H53)/H53 -> -0.0011173184 | T52: =(I52-I53)/I53 -> -0.048355001 | U52: =(J52-J53)/J53 -> 0 | V52: =(D52-D53)/D53 -> 0 | W52: =(E52-E53)/E53 -> 0 | X52: =(F52-F56)/F56 -> -0.0203125 | Y52: =(G52-G56)/G56 -> 0.056910569 | Z52: =(H52-H56)/H56 -> 0.0090293454 | AA52: =(I52-I56)/I56 -> -0.18700062 | AB52: =(J52-J56)/J56 -> -0.033357351 | AC52: =(D52-D56)/D56 -> 0.15625 | AD52: =(E52-E56)/E56 -> 0.2012987 | AE52: =(F52-F104)/F104 -> 0.29278351 | AF52: =(G52-G104)/G104 -> -0.084507042 | AG52: =(H52-H104)/H104 -> 0.49 | AH52: =(I52-I104)/I104 -> 0.31914307 | AI52: =(J52-J104)/J104 -> -0.14900726 | AJ52: =(D52-D104)/D104 -> 0.33574007 | AK52: =(E52-E104)/E104 -> 0.48
A53: 45877 | B53: =YEAR(A53) -> 2025 | C53: =MONTH(A53) -> 8 | D53: =AVERAGEIFS(data!G:G,data!A:A,'weekly-forecast'!B53,data!B:B,'weekly-forecast'!C53) -> 370 | E53: =AVERAGEIFS(data!F:F,data!A:A,'weekly-forecast'!B53,data!B:B,'weekly-forecast'!C53) -> 370 | F53: 297.5 | G53: 325 | H53: 447.5 | I53: 3.0152 | J53: 67.244286 | Q53: =(F53-F54)/F54 -> -0.062992126 | R53: =(G53-G54)/G54 -> 0.031746032 | S53: =(H53-H54)/H54 -> 0.017045455 | T53: =(I53-I54)/I54 -> -0.014833693 | U53: =(J53-J54)/J54 -> 0 | V53: =(D53-D54)/D54 -> 0 | W53: =(E53-E54)/E54 -> 0 | X53: =(F53-F57)/F57 -> -0.032520325 | Y53: =(G53-G57)/G57 -> 0.056910569 | Z53: =(H53-H57)/H57 -> 0.10493827 | AA53: =(I53-I57)/I57 -> -0.092736354 | AB53: =(J53-J57)/J57 -> -0.033357351 | AC53: =(D53-D57)/D57 -> 0.15625 | AD53: =(E53-E57)/E57 -> 0.2012987 | AE53: =(F53-F105)/F105 -> 0.27956989 | AF53: =(G53-G105)/G105 -> -0.084507042 | AG53: =(H53-H105)/H105 -> 0.46721311 | AH53: =(I53-I105)/I105 -> 0.45887362 | AI53: =(J53-J105)/J105 -> -0.14900726 | AJ53: =(D53-D105)/D105 -> 0.33574007 | AK53: =(E53-E105)/E105 -> 0.48
A54: 45870 | B54: =YEAR(A54) -> 2025 | C54: =MONTH(A54) -> 8 | D54: =AVERAGEIFS(data!G:G,data!A:A,'weekly-forecast'!B54,data!B:B,'weekly-forecast'!C54) -> 370 | E54: =AVERAGEIFS(data!F:F,data!A:A,'weekly-forecast'!B54,data!B:B,'weekly-forecast'!C54) -> 370 | F54: 317.5 | G54: 315 | H54: 440 | I54: 3.0606 | J54: 67.244286 | Q54: =(F54-F55)/F55 -> -0.0078125 | R54: =(G54-G55)/G55 -> 0 | S54: =(H54-H55)/H55 -> 0.028037383 | T54: =(I54-I55)/I55 -> -0.034998108 | U54: =(J54-J55)/J55 -> -0.033357351 | V54: =(D54-D55)/D55 -> 0.15625 | W54: =(E54-E55)/E55 -> 0.2012987 | X54: =(F54-F58)/F58 -> 0.032520325 | Y54: =(G54-G58)/G58 -> 0.086206897 | Z54: =(H54-H58)/H58 -> 0.11392405 | AA54: =(I54-I58)/I58 -> -0.11080767 | AB54: =(J54-J58)/J58 -> -0.033357351 | AC54: =(D54-D58)/D58 -> 0.15625 | AD54: =(E54-E58)/E58 -> 0.2012987 | AE54: =(F54-F106)/F106 -> 0.38043478 | AF54: =(G54-G106)/G106 -> 0.032786885 | AG54: =(H54-H106)/H106 -> 0.43089431 | AH54: =(I54-I106)/I106 -> 0.52968812 | AI54: =(J54-J106)/J106 -> -0.14900726 | AJ54: =(D54-D106)/D106 -> 0.33574007 | AK54: =(E54-E106)/E106 -> 0.48
A55: 45863 | B55: =YEAR(A55) -> 2025 | C55: =MONTH(A55) -> 7 | D55: =AVERAGEIFS(data!G:G,data!A:A,'weekly-forecast'!B55,data!B:B,'weekly-forecast'!C55) -> 320 | E55: =AVERAGEIFS(data!F:F,data!A:A,'weekly-forecast'!B55,data!B:B,'weekly-forecast'!C55) -> 308 | F55: 320 | G55: 315 | H55: 428 | I55: 3.1716 | J55: 69.564783 | K55: =AVERAGE(D55:D58) -> 320 | L55: =AVERAGE(E55:E58) -> 308 | M55: =AVERAGE(F55:F58) -> 313.75 | N55: =AVERAGE(G55:G58) -> 305 | O55: =AVERAGE(H55:H58) -> 417.75 | P55: =AVERAGE(I55:I58) -> 3.3666 | Q55: =(F55-F56)/F56 -> 0 | R55: =(G55-G56)/G56 -> 0.024390244 | S55: =(H55-H56)/H56 -> -0.033860045 | T55: =(I55-I56)/I56 -> -0.101377 | U55: =(J55-J56)/J56 -> 0 | V55: =(D55-D56)/D56 -> 0 | W55: =(E55-E56)/E56 -> 0 | X55: =(F55-F59)/F59 -> 0.066666667 | Y55: =(G55-G59)/G59 -> 0.086206897 | Z55: =(H55-H59)/H59 -> -0.010404624 | AA55: =(I55-I59)/I59 -> -0.10107137 | AB55: =(J55-J59)/J59 -> -0.0040357553 | AC55: =(D55-D59)/D59 -> 0.015873016 | AD55: =(E55-E59)/E59 -> 0 | AE55: =(F55-F107)/F107 -> 0.43820225 | AF55: =(G55-G107)/G107 -> 0.032786885 | AG55: =(H55-H107)/H107 -> 0.39186992 | AH55: =(I55-I107)/I107 -> 0.49575552 | AI55: =(J55-J107)/J107 -> -0.17232764 | AJ55: =(D55-D107)/D107 -> 0.17647059 | AK55: =(E55-E107)/E107 -> 0.19379845
A56: 45856 | B56: =YEAR(A56) -> 2025 | C56: =MONTH(A56) -> 7 | D56: =AVERAGEIFS(data!G:G,data!A:A,'weekly-forecast'!B56,data!B:B,'weekly-forecast'!C56) -> 320 | E56: =AVERAGEIFS(data!F:F,data!A:A,'weekly-forecast'!B56,data!B:B,'weekly-forecast'!C56) -> 308 | F56: 320 | G56: 307.5 | H56: 443 | I56: 3.5294 | J56: 69.564783 | Q56: =(F56-F57)/F57 -> 0.040650407 | R56: =(G56-G57)/G57 -> 0 | S56: =(H56-H57)/H57 -> 0.09382716 | T56: =(I56-I57)/I57 -> 0.061984714 | U56: =(J56-J57)/J57 -> 0 | V56: =(D56-D57)/D57 -> 0 | W56: =(E56-E57)/E57 -> 0 | X56: =(F56-F60)/F60 -> 0.39130435 | Y56: =(G56-G60)/G60 -> 0.060344828 | Z56: =(H56-H60)/H60 -> 0.12866242 | AA56: =(I56-I60)/I60 -> -0.085351474 | AB56: =(J56-J60)/J60 -> -0.0040357553 | AC56: =(D56-D60)/D60 -> 0.015873016 | AD56: =(E56-E60)/E60 -> 0 | AE56: =(F56-F108)/F108 -> 0.43820225 | AF56: =(G56-G108)/G108 -> 0.0081967213 | AG56: =(H56-H108)/H108 -> 0.44065041 | AH56: =(I56-I108)/I108 -> 0.65948843 | AI56: =(J56-J108)/J108 -> -0.17232764 | AJ56: =(D56-D108)/D108 -> 0.17647059 | AK56: =(E56-E108)/E108 -> 0.19379845
A57: 45849 | B57: =YEAR(A57) -> 2025 | C57: =MONTH(A57) -> 7 | D57: =AVERAGEIFS(data!G:G,data!A:A,'weekly-forecast'!B57,data!B:B,'weekly-forecast'!C57) -> 320 | E57: =AVERAGEIFS(data!F:F,data!A:A,'weekly-forecast'!B57,data!B:B,'weekly-forecast'!C57) -> 308 | F57: 307.5 | G57: 307.5 | H57: 405 | I57: 3.3234 | J57: 69.564783 | Q57: =(F57-F58)/F58 -> 0 | R57: =(G57-G58)/G58 -> 0.060344828 | S57: =(H57-H58)/H58 -> 0.025316456 | T57: =(I57-I58)/I58 -> -0.034456711 | U57: =(J57-J58)/J58 -> 0 | V57: =(D57-D58)/D58 -> 0 | W57: =(E57-E58)/E58 -> 0 | X57: =(F57-F61)/F61 -> 0.33695652 | Y57: =(G57-G61)/G61 -> 0.060344828 | Z57: =(H57-H61)/H61 -> 0.14893617 | AA57: =(I57-I61)/I61 -> -0.06372549 | AB57: =(J57-J61)/J61 -> -0.0040357553 | AC57: =(D57-D61)/D61 -> 0.015873016 | AD57: =(E57-E61)/E61 -> 0 | AE57: =(F57-F109)/F109 -> 0.36666667 | AF57: =(G57-G109)/G109 -> 0.0081967213 | AG57: =(H57-H109)/H109 -> 0.296 | AH57: =(I57-I109)/I109 -> 0.42806806 | AI57: =(J57-J109)/J109 -> -0.17232764 | AJ57: =(D57-D109)/D109 -> 0.17647059 | AK57: =(E57-E109)/E109 -> 0.19379845
A58: 45842 | B58: =YEAR(A58) -> 2025 | C58: =MONTH(A58) -> 7 | D58: =AVERAGEIFS(data!G:G,data!A:A,'weekly-forecast'!B58,data!B:B,'weekly-forecast'!C58) -> 320 | E58: =AVERAGEIFS(data!F:F,data!A:A,'weekly-forecast'!B58,data!B:B,'weekly-forecast'!C58) -> 308 | F58: 307.5 | G58: 290 | H58: 395 | I58: 3.442 | J58: 69.564783 | Q58: =(F58-F59)/F59 -> 0.025 | R58: =(G58-G59)/G59 -> 0 | S58: =(H58-H59)/H59 -> -0.086705202 | T58: =(I58-I59)/I59 -> -0.024431722 | U58: =(J58-J59)/J59 -> -0.0040357553 | V58: =(D58-D59)/D59 -> 0.015873016 | W58: =(E58-E59)/E59 -> 0 | X58: =(F58-F62)/F62 -> 0.4137931 | Y58: =(G58-G62)/G62 -> 0 | Z58: =(H58-H62)/H62 -> 0.12056738 | AA58: =(I58-I62)/I62 -> -0.074382832 | AB58: =(J58-J62)/J62 -> -0.0040357553 | AC58: =(D58-D62)/D62 -> 0.015873016 | AD58: =(E58-E62)/E62 -> 0 | AE58: =(F58-F110)/F110 -> 0.39772727 | AF58: =(G58-G110)/G110 -> -0.049180328 | AG58: =(H58-H110)/H110 -> 0.28455285 | AH58: =(I58-I110)/I110 -> 0.42673575 | AI58: =(J58-J110)/J110 -> -0.17232764 | AJ58: =(D58-D110)/D110 -> 0.17647059 | AK58: =(E58-E110)/E110 -> 0.19379845
A59: 45835 | B59: =YEAR(A59) -> 2025 | C59: =MONTH(A59) -> 6 | D59: =AVERAGEIFS(data!G:G,data!A:A,'weekly-forecast'!B59,data!B:B,'weekly-forecast'!C59) -> 315 | E59: =AVERAGEIFS(data!F:F,data!A:A,'weekly-forecast'!B59,data!B:B,'weekly-forecast'!C59) -> 308 | F59: 300 | G59: 290 | H59: 432.5 | I59: 3.5282 | J59: 69.846667 | K59: =AVERAGE(D59:D62) -> 315 | L59: =AVERAGE(E59:E62) -> 308 | M59: =AVERAGE(F59:F62) -> 244.375 | N59: =AVERAGE(G59:G62) -> 290 | O59: =AVERAGE(H59:H62) -> 382.5 | P59: =AVERAGE(I59:I62) -> 3.6637875 | Q59: =(F59-F60)/F60 -> 0.30434783 | R59: =(G59-G60)/G60 -> 0 | S59: =(H59-H60)/H60 -> 0.10191083 | T59: =(I59-I60)/I60 -> -0.085662455 | U59: =(J59-J60)/J60 -> 0 | V59: =(D59-D60)/D60 -> 0 | W59: =(E59-E60)/E60 -> 0 | X59: =(F59-F63)/F63 -> 0.42857143 | Y59: =(G59-G63)/G63 -> -0.041322314 | Z59: =(H59-H63)/H63 -> 0.21830986 | AA59: =(I59-I63)/I63 -> 0.039923366 | AB59: =(J59-J63)/J63 -> 0.089775231 | AC59: =(D59-D63)/D63 -> -0.030769231 | AD59: =(E59-E63)/E63 -> -0.040498442 | AE59: =(F59-F111)/F111 -> 0.37931034 | AF59: =(G59-G111)/G111 -> -0.049180328 | AG59: =(H59-H111)/H111 -> 0.40650407 | AH59: =(I59-I111)/I111 -> 0.30858245 | AI59: =(J59-J111)/J111 -> -0.15763661 | AJ59: =(D59-D111)/D111 -> 0.16666667 | AK59: =(E59-E111)/E111 -> 0.33913043
A60: 45828 | B60: =YEAR(A60) -> 2025 | C60: =MONTH(A60) -> 6 | D60: =AVERAGEIFS(data!G:G,data!A:A,'weekly-forecast'!B60,data!B:B,'weekly-forecast'!C60) -> 315 | E60: =AVERAGEIFS(data!F:F,data!A:A,'weekly-forecast'!B60,data!B:B,'weekly-forecast'!C60) -> 308 | F60: 230 | G60: 290 | H60: 392.5 | I60: 3.85875 | J60: 69.846667 | Q60: =(F60-F61)/F61 -> 0 | R60: =(G60-G61)/G61 -> 0 | S60: =(H60-H61)/H61 -> 0.11347518 | T60: =(I60-I61)/I61 -> 0.08709432 | U60: =(J60-J61)/J61 -> 0 | V60: =(D60-D61)/D61 -> 0 | W60: =(E60-E61)/E61 -> 0 | X60: =(F60-F64)/F64 -> 0.057471264 | Y60: =(G60-G64)/G64 -> -0.041322314 | Z60: =(H60-H64)/H64 -> 0.1056338 | AA60: =(I60-I64)/I64 -> 0.16967263 | AB60: =(J60-J64)/J64 -> 0.089775231 | AC60: =(D60-D64)/D64 -> -0.030769231 | AD60: =(E60-E64)/E64 -> -0.040498442 | AE60: =(F60-F112)/F112 -> 0.069767442 | AF60: =(G60-G112)/G112 -> -0.049180328 | AG60: =(H60-H112)/H112 -> 0.29752066 | AH60: =(I60-I112)/I112 -> 0.38517455 | AI60: =(J60-J112)/J112 -> -0.15763661 | AJ60: =(D60-D112)/D112 -> 0.16666667 | AK60: =(E60-E112)/E112 -> 0.33913043
A61: 45821 | B61: =YEAR(A61) -> 2025 | C61: =MONTH(A61) -> 6 | D61: =AVERAGEIFS(data!G:G,data!A:A,'weekly-forecast'!B61,data!B:B,'weekly-forecast'!C61) -> 315 | E61: =AVERAGEIFS(data!F:F,data!A:A,'weekly-forecast'!B61,data!B:B,'weekly-forecast'!C61) -> 308 | F61: 230 | G61: 290 | H61: 352.5 | I61: 3.5496 | J61: 69.846667 | Q61: =(F61-F62)/F62 -> 0.057471264 | R61: =(G61-G62)/G62 -> 0 | S61: =(H61-H62)/H62 -> 0 | T61: =(I61-I62)/I62 -> -0.045447211 | U61: =(J61-J62)/J62 -> 0 | V61: =(D61-D62)/D62 -> 0 | W61: =(E61-E62)/E62 -> 0 | X61: =(F61-F65)/F65 -> 0.069767442 | Y61: =(G61-G65)/G65 -> -0.041322314 | Z61: =(H61-H65)/H65 -> 0.0071428571 | AA61: =(I61-I65)/I65 -> 0.015273726 | AB61: =(J61-J65)/J65 -> 0.089775231 | AC61: =(D61-D65)/D65 -> -0.030769231 | AD61: =(E61-E65)/E65 -> -0.040498442 | AE61: =(F61-F113)/F113 -> 0.19480519 | AF61: =(G61-G113)/G113 -> 0.045045045 | AG61: =(H61-H113)/H113 -> 0.16528926 | AH61: =(I61-I113)/I113 -> 0.18954424 | AI61: =(J61-J113)/J113 -> -0.15763661 | AJ61: =(D61-D113)/D113 -> 0.16666667 | AK61: =(E61-E113)/E113 -> 0.33913043
A62: 45814 | B62: =YEAR(A62) -> 2025 | C62: =MONTH(A62) -> 6 | D62: =AVERAGEIFS(data!G:G,data!A:A,'weekly-forecast'!B62,data!B:B,'weekly-forecast'!C62) -> 315 | E62: =AVERAGEIFS(data!F:F,data!A:A,'weekly-forecast'!B62,data!B:B,'weekly-forecast'!C62) -> 308 | F62: 217.5 | G62: 290 | H62: 352.5 | I62: 3.7186 | J62: 69.846667 | Q62: =(F62-F63)/F63 -> 0.035714286 | R62: =(G62-G63)/G63 -> -0.041322314 | S62: =(H62-H63)/H63 -> -0.0070422535 | T62: =(I62-I63)/I63 -> 0.096043033 | U62: =(J62-J63)/J63 -> 0.089775231 | V62: =(D62-D63)/D63 -> -0.030769231 | W62: =(E62-E63)/E63 -> -0.040498442 | X62: =(F62-F66)/F66 -> 0.011627907 | Y62: =(G62-G66)/G66 -> -0.041322314 | Z62: =(H62-H66)/H66 -> 0.014388489 | AA62: =(I62-I66)/I66 -> 0.031740747 | AB62: =(J62-J66)/J66 -> 0.089775231 | AC62: =(D62-D66)/D66 -> -0.030769231 | AD62: =(E62-E66)/E66 -> -0.040498442 | AE62: =(F62-F114)/F114 -> 0.16 | AF62: =(G62-G114)/G114 -> 0.045045045 | AG62: =(H62-H114)/H114 -> 0.31775701 | AH62: =(I62-I114)/I114 -> 0.34361902 | AI62: =(J62-J114)/J114 -> -0.15763661 | AJ62: =(D62-D114)/D114 -> 0.16666667 | AK62: =(E62-E114)/E114 -> 0.33913043
A63: 45807 | B63: =YEAR(A63) -> 2025 | C63: =MONTH(A63) -> 5 | D63: =AVERAGEIFS(data!G:G,data!A:A,'weekly-forecast'!B63,data!B:B,'weekly-forecast'!C63) -> 325 | E63: =AVERAGEIFS(data!F:F,data!A:A,'weekly-forecast'!B63,data!B:B,'weekly-forecast'!C63) -> 321 | F63: 210 | G63: 302.5 | H63: 355 | I63: 3.39275 | J63: 64.092727 | K63: =AVERAGE(D63:D67) -> 325 | L63: =AVERAGE(E63:E67) -> 321 | M63: =AVERAGE(F63:F67) -> 214.5 | N63: =AVERAGE(G63:G67) -> 302.5 | O63: =AVERAGE(H63:H67) -> 351 | P63: =AVERAGE(I63:I67) -> 3.43807 | Q63: =(F63-F64)/F64 -> -0.034482759 | R63: =(G63-G64)/G64 -> 0 | S63: =(H63-H64)/H64 -> 0 | T63: =(I63-I64)/I64 -> 0.028417702 | U63: =(J63-J64)/J64 -> 0 | V63: =(D63-D64)/D64 -> 0 | W63: =(E63-E64)/E64 -> 0 | X63: =(F63-F67)/F67 -> -0.023255814 | Y63: =(G63-G67)/G67 -> 0 | Z63: =(H63-H67)/H67 -> 0.021582734 | AA63: =(I63-I67)/I67 -> -0.0016037902 | AB63: =(J63-J67)/J67 -> 0 | AC63: =(D63-D67)/D67 -> 0 | AD63: =(E63-E67)/E67 -> 0 | AE63: =(F63-F115)/F115 -> 0.16666667 | AF63: =(G63-G115)/G115 -> 0.09009009 | AG63: =(H63-H115)/H115 -> 0.36538462 | AH63: =(I63-I115)/I115 -> 0.32503417 | AI63: =(J63-J115)/J115 -> -0.22829973 | AJ63: =(D63-D115)/D115 -> 0.083333333 | AK63: =(E63-E115)/E115 -> 0.23461538
A64: 45800 | B64: =YEAR(A64) -> 2025 | C64: =MONTH(A64) -> 5 | D64: =AVERAGEIFS(data!G:G,data!A:A,'weekly-forecast'!B64,data!B:B,'weekly-forecast'!C64) -> 325 | E64: =AVERAGEIFS(data!F:F,data!A:A,'weekly-forecast'!B64,data!B:B,'weekly-forecast'!C64) -> 321 | F64: 217.5 | G64: 302.5 | H64: 355 | I64: 3.299 | J64: 64.092727 | Q64: =(F64-F65)/F65 -> 0.011627907 | R64: =(G64-G65)/G65 -> 0 | S64: =(H64-H65)/H65 -> 0.014285714 | T64: =(I64-I65)/I65 -> -0.056404096 | U64: =(J64-J65)/J65 -> 0 | V64: =(D64-D65)/D65 -> 0 | W64: =(E64-E65)/E65 -> 0 | X64: =(F64-F68)/F68 -> -0.011363636 | Y64: =(G64-G68)/G68 -> 0 | Z64: =(H64-H68)/H68 -> 0.028985507 | AA64: =(I64-I68)/I68 -> 0.10615612 | AB64: =(J64-J68)/J68 -> -0.042352622 | AC64: =(D64-D68)/D68 -> 0.031746032 | AD64: =(E64-E68)/E68 -> 0.052459016 | AE64: =(F64-F116)/F116 -> 0.20833333 | AF64: =(G64-G116)/G116 -> 0.09009009 | AG64: =(H64-H116)/H116 -> 0.46391753 | AH64: =(I64-I116)/I116 -> 0.22721524 | AI64: =(J64-J116)/J116 -> -0.22829973 | AJ64: =(D64-D116)/D116 -> 0.083333333 | AK64: =(E64-E116)/E116 -> 0.23461538
A65: 45793 | B65: =YEAR(A65) -> 2025 | C65: =MONTH(A65) -> 5 | D65: =AVERAGEIFS(data!G:G,data!A:A,'weekly-forecast'!B65,data!B:B,'weekly-forecast'!C65) -> 325 | E65: =AVERAGEIFS(data!F:F,data!A:A,'weekly-forecast'!B65,data!B:B,'weekly-forecast'!C65) -> 321 | F65: 215 | G65: 302.5 | H65: 350 | I65: 3.4962 | J65: 64.092727 | Q65: =(F65-F66)/F66 -> 0 | R65: =(G65-G66)/G66 -> 0 | S65: =(H65-H66)/H66 -> 0.0071942446 | T65: =(I65-I66)/I66 -> -0.029965041 | U65: =(J65-J66)/J66 -> 0 | V65: =(D65-D66)/D66 -> 0 | W65: =(E65-E66)/E66 -> 0 | X65: =(F65-F69)/F69 -> -0.054945055 | Y65: =(G65-G69)/G69 -> 0 | Z65: =(H65-H69)/H69 -> 0.014492754 | AA65: =(I65-I69)/I69 -> 0.063806481 | AB65: =(J65-J69)/J69 -> -0.042352622 | AC65: =(D65-D69)/D69 -> 0.031746032 | AD65: =(E65-E69)/E69 -> 0.052459016 | AE65: =(F65-F117)/F117 -> 0.14666667 | AF65: =(G65-G117)/G117 -> 0.09009009 | AG65: =(H65-H117)/H117 -> 0.44329897 | AH65: =(I65-I117)/I117 -> 0.42562388 | AI65: =(J65-J117)/J117 -> -0.22829973 | AJ65: =(D65-D117)/D117 -> 0.083333333 | AK65: =(E65-E117)/E117 -> 0.23461538
A66: 45786 | B66: =YEAR(A66) -> 2025 | C66: =MONTH(A66) -> 5 | D66: =AVERAGEIFS(data!G:G,data!A:A,'weekly-forecast'!B66,data!B:B,'weekly-forecast'!C66) -> 325 | E66: =AVERAGEIFS(data!F:F,data!A:A,'weekly-forecast'!B66,data!B:B,'weekly-forecast'!C66) -> 321 | F66: 215 | G66: 302.5 | H66: 347.5 | I66: 3.6042 | J66: 64.092727 | Q66: =(F66-F67)/F67 -> 0 | R66: =(G66-G67)/G67 -> 0 | S66: =(H66-H67)/H67 -> 0 | T66: =(I66-I67)/I67 -> 0.060620328 | U66: =(J66-J67)/J67 -> 0 | V66: =(D66-D67)/D67 -> 0 | W66: =(E66-E67)/E67 -> 0 | X66: =(F66-F70)/F70 -> -0.054945055 | Y66: =(G66-G70)/G70 -> 0 | Z66: =(H66-H70)/H70 -> 0.0072463768 | AA66: =(I66-I70)/I70 -> 5.5493896e-05 | AB66: =(J66-J70)/J70 -> -0.042352622 | AC66: =(D66-D70)/D70 -> 0.031746032 | AD66: =(E66-E70)/E70 -> 0.052459016 | AE66: =(F66-F118)/F118 -> 0.17808219 | AF66: =(G66-G118)/G118 -> 0.09009009 | AG66: =(H66-H118)/H118 -> 0.3627451 | AH66: =(I66-I118)/I118 -> 0.61739365 | AI66: =(J66-J118)/J118 -> -0.22829973 | AJ66: =(D66-D118)/D118 -> 0.083333333 | AK66: =(E66-E118)/E118 -> 0.23461538
A67: 45779 | B67: =YEAR(A67) -> 2025 | C67: =MONTH(A67) -> 5 | D67: =AVERAGEIFS(data!G:G,data!A:A,'weekly-forecast'!B67,data!B:B,'weekly-forecast'!C67) -> 325 | E67: =AVERAGEIFS(data!F:F,data!A:A,'weekly-forecast'!B67,data!B:B,'weekly-forecast'!C67) -> 321 | F67: 215 | G67: 302.5 | H67: 347.5 | I67: 3.3982 | J67: 64.092727 | Q67: =(F67-F68)/F68 -> -0.022727273 | R67: =(G67-G68)/G68 -> 0 | S67: =(H67-H68)/H68 -> 0.0072463768 | T67: =(I67-I68)/I68 -> 0.13941792 | U67: =(J67-J68)/J68 -> -0.042352622 | V67: =(D67-D68)/D68 -> 0.031746032 | W67: =(E67-E68)/E68 -> 0.052459016 | X67: =(F67-F71)/F71 -> -0.033707865 | Y67: =(G67-G71)/G71 -> 0 | Z67: =(H67-H71)/H71 -> 0.053030303 | AA67: =(I67-I71)/I71 -> -0.15467662 | AB67: =(J67-J71)/J71 -> -0.042352622 | AC67: =(D67-D71)/D71 -> 0.031746032 | AD67: =(E67-E71)/E71 -> 0.052459016 | AE67: =(F67-F119)/F119 -> 0.17808219 | AF67: =(G67-G119)/G119 -> 0.09009009 | AG67: =(H67-H119)/H119 -> 0.3627451 | AH67: =(I67-I119)/I119 -> 0.67729516 | AI67: =(J67-J119)/J119 -> -0.22829973 | AJ67: =(D67-D119)/D119 -> 0.083333333 | AK67: =(E67-E119)/E119 -> 0.23461538
A68: 45772 | B68: =YEAR(A68) -> 2025 | C68: =MONTH(A68) -> 4 | D68: =AVERAGEIFS(data!G:G,data!A:A,'weekly-forecast'!B68,data!B:B,'weekly-forecast'!C68) -> 315 | E68: =AVERAGEIFS(data!F:F,data!A:A,'weekly-forecast'!B68,data!B:B,'weekly-forecast'!C68) -> 305 | F68: 220 | G68: 302.5 | H68: 345 | I68: 2.9824 | J68: 66.927273 | K68: =AVERAGE(D68:D71) -> 315 | L68: =AVERAGE(E68:E71) -> 305 | M68: =AVERAGE(F68:F71) -> 224.375 | N68: =AVERAGE(G68:G71) -> 302.5 | O68: =AVERAGE(H68:H71) -> 341.25 | P68: =AVERAGE(I68:I71) -> 3.473225 | Q68: =(F68-F69)/F69 -> -0.032967033 | R68: =(G68-G69)/G69 -> 0 | S68: =(H68-H69)/H69 -> 0 | T68: =(I68-I69)/I69 -> -0.092530047 | U68: =(J68-J69)/J69 -> 0 | V68: =(D68-D69)/D69 -> 0 | W68: =(E68-E69)/E69 -> 0 | X68: =(F68-F72)/F72 -> -0.032967033 | Y68: =(G68-G72)/G72 -> 0 | Z68: =(H68-H72)/H72 -> 0.11290323 | AA68: =(I68-I72)/I72 -> -0.24034641 | AB68: =(J68-J72)/J72 -> -0.067104265 | AC68: =(D68-D72)/D72 -> 0.012861736 | AD68: =(E68-E72)/E72 -> 0.013289037 | AE68: =(F68-F120)/F120 -> 0.20547945 | AF68: =(G68-G120)/G120 -> 0.09009009 | AG68: =(H68-H120)/H120 -> 0.36633663 | AH68: =(I68-I120)/I120 -> 0.75270334 | AI68: =(J68-J120)/J120 -> -0.24779304 | AJ68: =(D68-D120)/D120 -> -0.045454545 | AK68: =(E68-E120)/E120 -> 0.016666667
A69: 45765 | B69: =YEAR(A69) -> 2025 | C69: =MONTH(A69) -> 4 | D69: =AVERAGEIFS(data!G:G,data!A:A,'weekly-forecast'!B69,data!B:B,'weekly-forecast'!C69) -> 315 | E69: =AVERAGEIFS(data!F:F,data!A:A,'weekly-forecast'!B69,data!B:B,'weekly-forecast'!C69) -> 305 | F69: 227.5 | G69: 302.5 | H69: 345 | I69: 3.2865 | J69: 66.927273 | Q69: =(F69-F70)/F70 -> 0 | R69: =(G69-G70)/G70 -> 0 | S69: =(H69-H70)/H70 -> 0 | T69: =(I69-I70)/I70 -> -0.088096559 | U69: =(J69-J70)/J70 -> 0 | V69: =(D69-D70)/D70 -> 0 | W69: =(E69-E70)/E70 -> 0 | X69: =(F69-F73)/F73 -> -0.052083333 | Y69: =(G69-G73)/G73 -> 0 | Z69: =(H69-H73)/H73 -> 0.061538462 | AA69: =(I69-I73)/I73 -> -0.18939917 | AB69: =(J69-J73)/J73 -> -0.067104265 | AC69: =(D69-D73)/D73 -> 0.012861736 | AD69: =(E69-E73)/E73 -> 0.013289037 | AE69: =(F69-F121)/F121 -> 0.24657534 | AF69: =(G69-G121)/G121 -> 0.080357143 | AG69: =(H69-H121)/H121 -> 0.36633663 | AH69: =(I69-I121)/I121 -> 0.90102962 | AI69: =(J69-J121)/J121 -> -0.24779304 | AJ69: =(D69-D121)/D121 -> -0.045454545 | AK69: =(E69-E121)/E121 -> 0.016666667
A70: 45758 | B70: =YEAR(A70) -> 2025 | C70: =MONTH(A70) -> 4 | D70: =AVERAGEIFS(data!G:G,data!A:A,'weekly-forecast'!B70,data!B:B,'weekly-forecast'!C70) -> 315 | E70: =AVERAGEIFS(data!F:F,data!A:A,'weekly-forecast'!B70,data!B:B,'weekly-forecast'!C70) -> 305 | F70: 227.5 | G70: 302.5 | H70: 345 | I70: 3.604 | J70: 66.927273 | Q70: =(F70-F71)/F71 -> 0.02247191 | R70: =(G70-G71)/G71 -> 0 | S70: =(H70-H71)/H71 -> 0.045454545 | T70: =(I70-I71)/I71 -> -0.10348259 | U70: =(J70-J71)/J71 -> 0 | V70: =(D70-D71)/D71 -> 0 | W70: =(E70-E71)/E71 -> 0 | X70: =(F70-F74)/F74 -> -0.052083333 | Y70: =(G70-G74)/G74 -> -0.03968254 | Z70: =(H70-H74)/H74 -> -0.1038961 | AA70: =(I70-I74)/I74 -> -0.15172057 | AB70: =(J70-J74)/J74 -> -0.067104265 | AC70: =(D70-D74)/D74 -> 0.012861736 | AD70: =(E70-E74)/E74 -> 0.013289037 | AE70: =(F70-F122)/F122 -> 0.045977011 | AF70: =(G70-G122)/G122 -> 0.080357143 | AG70: =(H70-H122)/H122 -> 0.22123894 | AH70: =(I70-I122)/I122 -> 0.97263273 | AI70: =(J70-J122)/J122 -> -0.24779304 | AJ70: =(D70-D122)/D122 -> -0.045454545 | AK70: =(E70-E122)/E122 -> 0.016666667
A71: 45751 | B71: =YEAR(A71) -> 2025 | C71: =MONTH(A71) -> 4 | D71: =AVERAGEIFS(data!G:G,data!A:A,'weekly-forecast'!B71,data!B:B,'weekly-forecast'!C71) -> 315 | E71: =AVERAGEIFS(data!F:F,data!A:A,'weekly-forecast'!B71,data!B:B,'weekly-forecast'!C71) -> 305 | F71: 222.5 | G71: 302.5 | H71: 330 | I71: 4.02 | J71: 66.927273 | Q71: =(F71-F72)/F72 -> -0.021978022 | R71: =(G71-G72)/G72 -> 0 | S71: =(H71-H72)/H72 -> 0.064516129 | T71: =(I71-I72)/I72 -> 0.023942944 | U71: =(J71-J72)/J72 -> -0.067104265 | V71: =(D71-D72)/D72 -> 0.012861736 | W71: =(E71-E72)/E72 -> 0.013289037 | X71: =(F71-F75)/F75 -> -0.063157895 | Y71: =(G71-G75)/G75 -> -0.03968254 | Z71: =(H71-H75)/H75 -> -0.15384615 | AA71: =(I71-I75)/I75 -> -0.07043426 | AB71: =(J71-J75)/J75 -> -0.067104265 | AC71: =(D71-D75)/D75 -> 0.012861736 | AD71: =(E71-E75)/E75 -> 0.013289037 | AE71: =(F71-F123)/F123 -> -0.072916667 | AF71: =(G71-G123)/G123 -> 0.33259912 | AG71: =(H71-H123)/H123 -> 0.16814159 | AH71: =(I71-I123)/I123 -> 1.209034 | AI71: =(J71-J123)/J123 -> -0.24779304 | AJ71: =(D71-D123)/D123 -> -0.045454545 | AK71: =(E71-E123)/E123 -> 0.016666667
A72: 45744 | B72: =YEAR(A72) -> 2025 | C72: =MONTH(A72) -> 3 | D72: =AVERAGEIFS(data!G:G,data!A:A,'weekly-forecast'!B72,data!B:B,'weekly-forecast'!C72) -> 311 | E72: =AVERAGEIFS(data!F:F,data!A:A,'weekly-forecast'!B72,data!B:B,'weekly-forecast'!C72) -> 301 | F72: 227.5 | G72: 302.5 | H72: 310 | I72: 3.926 | J72: 71.741429 | K72: =AVERAGE(D72:D75) -> 311 | L72: =AVERAGE(E72:E75) -> 301 | M72: =AVERAGE(F72:F75) -> 236.25 | N72: =AVERAGE(G72:G75) -> 308.75 | O72: =AVERAGE(H72:H75) -> 352.5 | P72: =AVERAGE(I72:I75) -> 4.1384 | Q72: =(F72-F73)/F73 -> -0.052083333 | R72: =(G72-G73)/G73 -> 0 | S72: =(H72-H73)/H73 -> -0.046153846 | T72: =(I72-I73)/I73 -> -0.031669298 | U72: =(J72-J73)/J73 -> 0 | V72: =(D72-D73)/D73 -> 0 | W72: =(E72-E73)/E73 -> 0 | X72: =(F72-F76)/F76 -> -0.042105263 | Y72: =(G72-G76)/G76 -> -0.03968254 | Z72: =(H72-H76)/H76 -> -0.20512821 | AA72: =(I72-I76)/I76 -> -0.010684407 | AB72: =(J72-J76)/J76 -> -0.045902829 | AC72: =(D72-D76)/D76 -> 0.0032258065 | AD72: =(E72-E76)/E76 -> -0.022727273 | AE72: =(F72-F124)/F124 -> -0.052083333 | AF72: =(G72-G124)/G124 -> -0.0081967213 | AG72: =(H72-H124)/H124 -> 0.033333333 | AH72: =(I72-I124)/I124 -> 1.3540699 | AI72: =(J72-J124)/J124 -> -0.15560002 | AJ72: =(D72-D124)/D124 -> -0.057575758 | AK72: =(E72-E124)/E124 -> 0.0033333333
A73: 45737 | B73: =YEAR(A73) -> 2025 | C73: =MONTH(A73) -> 3 | D73: =AVERAGEIFS(data!G:G,data!A:A,'weekly-forecast'!B73,data!B:B,'weekly-forecast'!C73) -> 311 | E73: =AVERAGEIFS(data!F:F,data!A:A,'weekly-forecast'!B73,data!B:B,'weekly-forecast'!C73) -> 301 | F73: 240 | G73: 302.5 | H73: 325 | I73: 4.0544 | J73: 71.741429 | Q73: =(F73-F74)/F74 -> 0 | R73: =(G73-G74)/G74 -> -0.03968254 | S73: =(H73-H74)/H74 -> -0.15584416 | T73: =(I73-I74)/I74 -> -0.045709175 | U73: =(J73-J74)/J74 -> 0 | V73: =(D73-D74)/D74 -> 0 | W73: =(E73-E74)/E74 -> 0 | X73: =(F73-F77)/F77 -> 0.010526316 | Y73: =(G73-G77)/G77 -> -0.14184397 | Z73: =(H73-H77)/H77 -> -0.17721519 | AA73: =(I73-I77)/I77 -> -0.027313621 | AB73: =(J73-J77)/J77 -> -0.045902829 | AC73: =(D73-D77)/D77 -> 0.0032258065 | AD73: =(E73-E77)/E77 -> -0.022727273 | AE73: =(F73-F125)/F125 -> 0 | AF73: =(G73-G125)/G125 -> -0.0081967213 | AG73: =(H73-H125)/H125 -> 0.083333333 | AH73: =(I73-I125)/I125 -> 1.3883129 | AI73: =(J73-J125)/J125 -> -0.15560002 | AJ73: =(D73-D125)/D125 -> -0.057575758 | AK73: =(E73-E125)/E125 -> 0.0033333333
A74: 45730 | B74: =YEAR(A74) -> 2025 | C74: =MONTH(A74) -> 3 | D74: =AVERAGEIFS(data!G:G,data!A:A,'weekly-forecast'!B74,data!B:B,'weekly-forecast'!C74) -> 311 | E74: =AVERAGEIFS(data!F:F,data!A:A,'weekly-forecast'!B74,data!B:B,'weekly-forecast'!C74) -> 301 | F74: 240 | G74: 315 | H74: 385 | I74: 4.2486 | J74: 71.741429 | Q74: =(F74-F75)/F75 -> 0.010526316 | R74: =(G74-G75)/G75 -> 0 | S74: =(H74-H75)/H75 -> -0.012820513 | T74: =(I74-I75)/I75 -> -0.01757388 | U74: =(J74-J75)/J75 -> 0 | V74: =(D74-D75)/D75 -> 0 | W74: =(E74-E75)/E75 -> 0 | X74: =(F74-F78)/F78 -> -0.010309278 | Y74: =(G74-G78)/G78 -> -0.10638298 | Z74: =(H74-H78)/H78 -> 0.026666667 | AA74: =(I74-I78)/I78 -> 0.1880208 | AB74: =(J74-J78)/J78 -> -0.045902829 | AC74: =(D74-D78)/D78 -> 0.0032258065 | AD74: =(E74-E78)/E78 -> -0.022727273 | AE74: =(F74-F126)/F126 -> 0 | AF74: =(G74-G126)/G126 -> 0.032786885 | AG74: =(H74-H126)/H126 -> 0.30508475 | AH74: =(I74-I126)/I126 -> 1.491263 | AI74: =(J74-J126)/J126 -> -0.15560002 | AJ74: =(D74-D126)/D126 -> -0.057575758 | AK74: =(E74-E126)/E126 -> 0.0033333333
A75: 45723 | B75: =YEAR(A75) -> 2025 | C75: =MONTH(A75) -> 3 | D75: =AVERAGEIFS(data!G:G,data!A:A,'weekly-forecast'!B75,data!B:B,'weekly-forecast'!C75) -> 311 | E75: =AVERAGEIFS(data!F:F,data!A:A,'weekly-forecast'!B75,data!B:B,'weekly-forecast'!C75) -> 301 | F75: 237.5 | G75: 315 | H75: 390 | I75: 4.3246 | J75: 71.741429 | Q75: =(F75-F76)/F76 -> 0 | R75: =(G75-G76)/G76 -> 0 | S75: =(H75-H76)/H76 -> 0 | T75: =(I75-I76)/I76 -> 0.089759097 | U75: =(J75-J76)/J76 -> -0.045902829 | V75: =(D75-D76)/D76 -> 0.0032258065 | W75: =(E75-E76)/E76 -> -0.022727273 | X75: =(F75-F79)/F79 -> -0.020618557 | Y75: =(G75-G79)/G79 -> -0.10638298 | Z75: =(H75-H79)/H79 -> 0.04 | AA75: =(I75-I79)/I79 -> 0.29618751 | AB75: =(J75-J79)/J79 -> -0.045902829 | AC75: =(D75-D79)/D79 -> 0.0032258065 | AD75: =(E75-E79)/E79 -> -0.022727273 | AE75: =(F75-F127)/F127 -> 0.10465116 | AF75: =(G75-G127)/G127 -> 0.032786885 | AG75: =(H75-H127)/H127 -> 0.25806452 | AH75: =(I75-I127)/I127 -> 1.2942175 | AI75: =(J75-J127)/J127 -> -0.15560002 | AJ75: =(D75-D127)/D127 -> -0.057575758 | AK75: =(E75-E127)/E127 -> 0.0033333333
A76: 45716 | B76: =YEAR(A76) -> 2025 | C76: =MONTH(A76) -> 2 | D76: =AVERAGEIFS(data!G:G,data!A:A,'weekly-forecast'!B76,data!B:B,'weekly-forecast'!C76) -> 310 | E76: =AVERAGEIFS(data!F:F,data!A:A,'weekly-forecast'!B76,data!B:B,'weekly-forecast'!C76) -> 308 | F76: 237.5 | G76: 315 | H76: 390 | I76: 3.9684 | J76: 75.193 | K76: =AVERAGE(D76:D79) -> 310 | L76: =AVERAGE(E76:E79) -> 308 | M76: =AVERAGE(F76:F79) -> 240 | N76: =AVERAGE(G76:G79) -> 343.125 | O76: =AVERAGE(H76:H79) -> 383.75 | P76: =AVERAGE(I76:I79) -> 3.7623125 | Q76: =(F76-F77)/F77 -> 0 | R76: =(G76-G77)/G77 -> -0.10638298 | S76: =(H76-H77)/H77 -> -0.012658228 | T76: =(I76-I77)/I77 -> -0.047945781 | U76: =(J76-J77)/J77 -> 0 | V76: =(D76-D77)/D77 -> 0 | W76: =(E76-E77)/E77 -> 0 | X76: =(F76-F80)/F80 -> 0.055555556 | Y76: =(G76-G80)/G80 -> -0.10638298 | Z76: =(H76-H80)/H80 -> 0.075862069 | AA76: =(I76-I80)/I80 -> 0.18149339 | AB76: =(J76-J80)/J80 -> -0.038377834 | AC76: =(D76-D80)/D80 -> 0.029900332 | AD76: =(E76-E80)/E80 -> 0.11594203 | AE76: =(F76-F128)/F128 -> 0.10465116 | AF76: =(G76-G128)/G128 -> 0.032786885 | AG76: =(H76-H128)/H128 -> 0.25806452 | AH76: =(I76-I128)/I128 -> 1.241021 | AI76: =(J76-J128)/J128 -> -0.11497486 | AJ76: =(D76-D128)/D128 -> -0.060606061 | AK76: =(E76-E128)/E128 -> 0.026666667
A77: 45709 | B77: =YEAR(A77) -> 2025 | C77: =MONTH(A77) -> 2 | D77: =AVERAGEIFS(data!G:G,data!A:A,'weekly-forecast'!B77,data!B:B,'weekly-forecast'!C77) -> 310 | E77: =AVERAGEIFS(data!F:F,data!A:A,'weekly-forecast'!B77,data!B:B,'weekly-forecast'!C77) -> 308 | F77: 237.5 | G77: 352.5 | H77: 395 | I77: 4.16825 | J77: 75.193 | Q77: =(F77-F78)/F78 -> -0.020618557 | R77: =(G77-G78)/G78 -> 0 | S77: =(H77-H78)/H78 -> 0.053333333 | T77: =(I77-I78)/I78 -> 0.16555282 | U77: =(J77-J78)/J78 -> 0 | V77: =(D77-D78)/D78 -> 0 | W77: =(E77-E78)/E78 -> 0 | X77: =(F77-F81)/F81 -> 0.055555556 | Y77: =(G77-G81)/G81 -> -0.1402439 | Z77: =(H77-H81)/H81 -> 0.089655172 | AA77: =(I77-I81)/I81 -> 0.062786843 | AB77: =(J77-J81)/J81 -> -0.038377834 | AC77: =(D77-D81)/D81 -> 0.029900332 | AD77: =(E77-E81)/E81 -> 0.11594203 | AE77: =(F77-F129)/F129 -> 0.10465116 | AF77: =(G77-G129)/G129 -> 0.084615385 | AG77: =(H77-H129)/H129 -> 0.25396825 | AH77: =(I77-I129)/I129 -> 1.4944644 | AI77: =(J77-J129)/J129 -> -0.080722008 | AJ77: =(D77-D129)/D129 -> -0.060606061 | AK77: =(E77-E129)/E129 -> -0.0064516129
A78: 45702 | B78: =YEAR(A78) -> 2025 | C78: =MONTH(A78) -> 2 | D78: =AVERAGEIFS(data!G:G,data!A:A,'weekly-forecast'!B78,data!B:B,'weekly-forecast'!C78) -> 310 | E78: =AVERAGEIFS(data!F:F,data!A:A,'weekly-forecast'!B78,data!B:B,'weekly-forecast'!C78) -> 308 | F78: 242.5 | G78: 352.5 | H78: 375 | I78: 3.5762 | J78: 75.193 | Q78: =(F78-F79)/F79 -> 0 | R78: =(G78-G79)/G79 -> 0 | S78: =(H78-H79)/H79 -> 0 | T78: =(I78-I79)/I79 -> 0.071873876 | U78: =(J78-J79)/J79 -> 0 | V78: =(D78-D79)/D79 -> 0 | W78: =(E78-E79)/E79 -> 0 | X78: =(F78-F82)/F82 -> 0.10730594 | Y78: =(G78-G82)/G82 -> -0.1402439 | Z78: =(H78-H82)/H82 -> 0.034482759 | AA78: =(I78-I82)/I82 -> -0.11440741 | AB78: =(J78-J82)/J82 -> -0.038377834 | AC78: =(D78-D82)/D82 -> 0.029900332 | AD78: =(E78-E82)/E82 -> 0.11594203 | AE78: =(F78-F130)/F130 -> 0.11494253 | AF78: =(G78-G130)/G130 -> 0.084615385 | AG78: =(H78-H130)/H130 -> 0.2295082 | AH78: =(I78-I130)/I130 -> 1.1658188 | AI78: =(J78-J130)/J130 -> -0.080722008 | AJ78: =(D78-D130)/D130 -> -0.060606061 | AK78: =(E78-E130)/E130 -> -0.0064516129
A79: 45695 | B79: =YEAR(A79) -> 2025 | C79: =MONTH(A79) -> 2 | D79: =AVERAGEIFS(data!G:G,data!A:A,'weekly-forecast'!B79,data!B:B,'weekly-forecast'!C79) -> 310 | E79: =AVERAGEIFS(data!F:F,data!A:A,'weekly-forecast'!B79,data!B:B,'weekly-forecast'!C79) -> 308 | F79: 242.5 | G79: 352.5 | H79: 375 | I79: 3.3364 | J79: 75.193 | Q79: =(F79-F80)/F80 -> 0.077777778 | R79: =(G79-G80)/G80 -> 0 | S79: =(H79-H80)/H80 -> 0.034482759 | T79: =(I79-I80)/I80 -> -0.0066690485 | U79: =(J79-J80)/J80 -> -0.038377834 | V79: =(D79-D80)/D80 -> 0.029900332 | W79: =(E79-E80)/E80 -> 0.11594203 | X79: =(F79-F83)/F83 -> 0.10730594 | Y79: =(G79-G83)/G83 -> -0.1402439 | Z79: =(H79-H83)/H83 -> 0.18110236 | AA79: =(I79-I83)/I83 -> -0.096414256 | AB79: =(J79-J83)/J83 -> -0.038377834 | AC79: =(D79-D83)/D83 -> 0.029900332 | AD79: =(E79-E83)/E83 -> 0.11594203 | AE79: =(F79-F131)/F131 -> 0.11494253 | AF79: =(G79-G131)/G131 -> 0.084615385 | AG79: =(H79-H131)/H131 -> 0.19426752 | AH79: =(I79-I131)/I131 -> 0.69843209 | AI79: =(J79-J131)/J131 -> -0.080722008 | AJ79: =(D79-D131)/D131 -> -0.060606061 | AK79: =(E79-E131)/E131 -> -0.0064516129
A80: 45688 | B80: =YEAR(A80) -> 2025 | C80: =MONTH(A80) -> 1 | D80: =AVERAGEIFS(data!G:G,data!A:A,'weekly-forecast'!B80,data!B:B,'weekly-forecast'!C80) -> 301 | E80: =AVERAGEIFS(data!F:F,data!A:A,'weekly-forecast'!B80,data!B:B,'weekly-forecast'!C80) -> 276 | F80: 225 | G80: 352.5 | H80: 362.5 | I80: 3.3588 | J80: 78.193913 | K80: =AVERAGE(D80:D84) -> 301 | L80: =AVERAGE(E80:E84) -> 276 | M80: =AVERAGE(F80:F84) -> 221.4 | N80: =AVERAGE(G80:G84) -> 398.5 | O80: =AVERAGE(H80:H84) -> 344.5 | P80: =AVERAGE(I80:I84) -> 3.73143 | Q80: =(F80-F81)/F81 -> 0 | R80: =(G80-G81)/G81 -> -0.1402439 | S80: =(H80-H81)/H81 -> 0 | T80: =(I80-I81)/I81 -> -0.1436002 | U80: =(J80-J81)/J81 -> 0 | V80: =(D80-D81)/D81 -> 0 | W80: =(E80-E81)/E81 -> 0 | X80: =(F80-F84)/F84 -> 0.02739726 | Y80: =(G80-G84)/G84 -> -0.1402439 | Z80: =(H80-H84)/H84 -> 0.14173228 | AA80: =(I80-I84)/I84 -> -0.078708085 | AB80: =(J80-J84)/J84 -> 0 | AC80: =(D80-D84)/D84 -> 0 | AD80: =(E80-E84)/E84 -> 0 | AE80: =(F80-F132)/F132 -> 0.2 | AF80: =(G80-G132)/G132 -> 0.084615385 | AG80: =(H80-H132)/H132 -> 0.22881356 | AH80: =(I80-I132)/I132 -> 0.55557614 | AI80: =(J80-J132)/J132 -> -0.044034107 | AJ80: =(D80-D132)/D132 -> -0.087878788 | AK80: =(E80-E132)/E132 -> -0.10967742
A81: 45681 | B81: =YEAR(A81) -> 2025 | C81: =MONTH(A81) -> 1 | D81: =AVERAGEIFS(data!G:G,data!A:A,'weekly-forecast'!B81,data!B:B,'weekly-forecast'!C81) -> 301 | E81: =AVERAGEIFS(data!F:F,data!A:A,'weekly-forecast'!B81,data!B:B,'weekly-forecast'!C81) -> 276 | F81: 225 | G81: 410 | H81: 362.5 | I81: 3.922 | J81: 78.193913 | Q81: =(F81-F82)/F82 -> 0.02739726 | R81: =(G81-G82)/G82 -> 0 | S81: =(H81-H82)/H82 -> 0 | T81: =(I81-I82)/I82 -> -0.028775197 | U81: =(J81-J82)/J82 -> 0 | V81: =(D81-D82)/D82 -> 0 | W81: =(E81-E82)/E82 -> 0 | X81: =(F81-F85)/F85 -> 0.02739726 | Y81: =(G81-G85)/G85 -> 0 | Z81: =(H81-H85)/H85 -> 0.14173228 | AA81: =(I81-I85)/I85 -> 0.057784371 | AB81: =(J81-J85)/J85 -> 0.067818379 | AC81: =(D81-D85)/D85 -> 0.11481481 | AD81: =(E81-E85)/E85 -> 0.13114754 | AE81: =(F81-F133)/F133 -> 0.2 | AF81: =(G81-G133)/G133 -> -0.035294118 | AG81: =(H81-H133)/H133 -> 0.22881356 | AH81: =(I81-I133)/I133 -> 0.53286954 | AI81: =(J81-J133)/J133 -> -0.011579913 | AJ81: =(D81-D133)/D133 -> -0.087878788 | AK81: =(E81-E133)/E133 -> -0.10967742
A82: 45674 | B82: =YEAR(A82) -> 2025 | C82: =MONTH(A82) -> 1 | D82: =AVERAGEIFS(data!G:G,data!A:A,'weekly-forecast'!B82,data!B:B,'weekly-forecast'!C82) -> 301 | E82: =AVERAGEIFS(data!F:F,data!A:A,'weekly-forecast'!B82,data!B:B,'weekly-forecast'!C82) -> 276 | F82: 219 | G82: 410 | H82: 362.5 | I82: 4.0382 | J82: 78.193913 | Q82: =(F82-F83)/F83 -> 0 | R82: =(G82-G83)/G83 -> 0 | S82: =(H82-H83)/H83 -> 0.14173228 | T82: =(I82-I83)/I83 -> 0.093651825 | U82: =(J82-J83)/J83 -> 0 | V82: =(D82-D83)/D83 -> 0 | W82: =(E82-E83)/E83 -> 0 | X82: =(F82-F86)/F86 -> 0 | Y82: =(G82-G86)/G86 -> 0 | Z82: =(H82-H86)/H86 -> 0.14173228 | AA82: =(I82-I86)/I86 -> 0.17198746 | AB82: =(J82-J86)/J86 -> 0.067818379 | AC82: =(D82-D86)/D86 -> 0.11481481 | AD82: =(E82-E86)/E86 -> 0.13114754 | AE82: =(F82-F134)/F134 -> 0.21666667 | AF82: =(G82-G134)/G134 -> -0.035294118 | AG82: =(H82-H134)/H134 -> 0.36792453 | AH82: =(I82-I134)/I134 -> 0.47030766 | AI82: =(J82-J134)/J134 -> -0.011579913 | AJ82: =(D82-D134)/D134 -> -0.087878788 | AK82: =(E82-E134)/E134 -> -0.10967742
A83: 45667 | B83: =YEAR(A83) -> 2025 | C83: =MONTH(A83) -> 1 | D83: =AVERAGEIFS(data!G:G,data!A:A,'weekly-forecast'!B83,data!B:B,'weekly-forecast'!C83) -> 301 | E83: =AVERAGEIFS(data!F:F,data!A:A,'weekly-forecast'!B83,data!B:B,'weekly-forecast'!C83) -> 276 | F83: 219 | G83: 410 | H83: 317.5 | I83: 3.6924 | J83: 78.193913 | Q83: =(F83-F84)/F84 -> 0 | R83: =(G83-G84)/G84 -> 0 | S83: =(H83-H84)/H84 -> 0 | T83: =(I83-I84)/I84 -> 0.012795721 | U83: =(J83-J84)/J84 -> 0 | V83: =(D83-D84)/D84 -> 0 | W83: =(E83-E84)/E84 -> 0 | X83: =(F83-F87)/F87 -> -0.0045454545 | Y83: =(G83-G87)/G87 -> 0 | Z83: =(H83-H87)/H87 -> 0.032520325 | AA83: =(I83-I87)/I87 -> 0.12176449 | AB83: =(J83-J87)/J87 -> 0.067818379 | AC83: =(D83-D87)/D87 -> 0.11481481 | AD83: =(E83-E87)/E87 -> 0.13114754 | AE83: =(F83-F135)/F135 -> 0.21666667 | AF83: =(G83-G135)/G135 -> -0.035294118 | AG83: =(H83-H135)/H135 -> 0.29591837 | AH83: =(I83-I135)/I135 -> 0.1820219 | AI83: =(J83-J135)/J135 -> -0.011579913 | AJ83: =(D83-D135)/D135 -> -0.087878788 | AK83: =(E83-E135)/E135 -> -0.10967742
A84: 45660 | B84: =YEAR(A84) -> 2025 | C84: =MONTH(A84) -> 1 | D84: =AVERAGEIFS(data!G:G,data!A:A,'weekly-forecast'!B84,data!B:B,'weekly-forecast'!C84) -> 301 | E84: =AVERAGEIFS(data!F:F,data!A:A,'weekly-forecast'!B84,data!B:B,'weekly-forecast'!C84) -> 276 | F84: 219 | G84: 410 | H84: 317.5 | I84: 3.64575 | J84: 78.193913 | Q84: =(F84-F85)/F85 -> 0 | R84: =(G84-G85)/G85 -> 0 | S84: =(H84-H85)/H85 -> 0 | T84: =(I84-I85)/I85 -> -0.016721732 | U84: =(J84-J85)/J85 -> 0.067818379 | V84: =(D84-D85)/D85 -> 0.11481481 | W84: =(E84-E85)/E85 -> 0.13114754 | X84: =(F84-F88)/F88 -> -0.015730337 | Y84: =(G84-G88)/G88 -> -0.046511628 | Z84: =(H84-H88)/H88 -> 0.032520325 | AA84: =(I84-I88)/I88 -> 0.17962532 | AB84: =(J84-J88)/J88 -> 0.067818379 | AC84: =(D84-D88)/D88 -> 0.11481481 | AD84: =(E84-E88)/E88 -> 0.13114754 | AE84: =(F84-F136)/F136 -> 0.21666667 | AF84: =(G84-G136)/G136 -> -0.035294118 | AG84: =(H84-H136)/H136 -> 0.15454545 | AH84: =(I84-I136)/I136 -> 0.33178082 | AI84: =(J84-J136)/J136 -> -0.011579913 | AJ84: =(D84-D136)/D136 -> -0.087878788 | AK84: =(E84-E136)/E136 -> -0.10967742
A85: 45653 | B85: =YEAR(A85) -> 2024 | C85: =MONTH(A85) -> 12 | D85: =AVERAGEIFS(data!G:G,data!A:A,'weekly-forecast'!B85,data!B:B,'weekly-forecast'!C85) -> 270 | E85: =AVERAGEIFS(data!F:F,data!A:A,'weekly-forecast'!B85,data!B:B,'weekly-forecast'!C85) -> 244 | F85: 219 | G85: 410 | H85: 317.5 | I85: 3.70775 | J85: 73.227727 | K85: =AVERAGE(D85:D88) -> 270 | L85: =AVERAGE(E85:E88) -> 244 | M85: =AVERAGE(F85:F88) -> 220.125 | N85: =AVERAGE(G85:G88) -> 415 | O85: =AVERAGE(H85:H88) -> 312.5 | P85: =AVERAGE(I85:I88) -> 3.3838875 | Q85: =(F85-F86)/F86 -> 0 | R85: =(G85-G86)/G86 -> 0 | S85: =(H85-H86)/H86 -> 0 | T85: =(I85-I86)/I86 -> 0.07608254 | U85: =(J85-J86)/J86 -> 0 | V85: =(D85-D86)/D86 -> 0 | W85: =(E85-E86)/E86 -> 0 | X85: =(F85-F89)/F89 -> -0.015730337 | Y85: =(G85-G89)/G89 -> -0.046511628 | Z85: =(H85-H89)/H89 -> 0.016 | AA85: =(I85-I89)/I89 -> 0.10952345 | AB85: =(J85-J89)/J89 -> -0.0038205634 | AC85: =(D85-D89)/D89 -> 0 | AD85: =(E85-E89)/E89 -> -0.079245283 | AE85: =(F85-F137)/F137 -> 0.21666667 | AF85: =(G85-G137)/G137 -> -0.035294118 | AG85: =(H85-H137)/H137 -> 0.15454545 | AH85: =(I85-I137)/I137 -> 0.44833984 | AI85: =(J85-J137)/J137 -> -0.055625124 | AJ85: =(D85-D137)/D137 -> -0.18181818 | AK85: =(E85-E137)/E137 -> -0.18666667
A86: 45646 | B86: =YEAR(A86) -> 2024 | C86: =MONTH(A86) -> 12 | D86: =AVERAGEIFS(data!G:G,data!A:A,'weekly-forecast'!B86,data!B:B,'weekly-forecast'!C86) -> 270 | E86: =AVERAGEIFS(data!F:F,data!A:A,'weekly-forecast'!B86,data!B:B,'weekly-forecast'!C86) -> 244 | F86: 219 | G86: 410 | H86: 317.5 | I86: 3.4456 | J86: 73.227727 | Q86: =(F86-F87)/F87 -> -0.0045454545 | R86: =(G86-G87)/G87 -> 0 | S86: =(H86-H87)/H87 -> 0.032520325 | T86: =(I86-I87)/I87 -> 0.046785758 | U86: =(J86-J87)/J87 -> 0 | V86: =(D86-D87)/D87 -> 0 | W86: =(E86-E87)/E87 -> 0 | X86: =(F86-F90)/F90 -> -0.0875 | Y86: =(G86-G90)/G90 -> -0.046511628 | Z86: =(H86-H90)/H90 -> 0.016 | AA86: =(I86-I90)/I90 -> 0.10209826 | AB86: =(J86-J90)/J90 -> -0.0038205634 | AC86: =(D86-D90)/D90 -> 0 | AD86: =(E86-E90)/E90 -> -0.079245283 | AE86: =(F86-F138)/F138 -> 0.21666667 | AF86: =(G86-G138)/G138 -> -0.035294118 | AG86: =(H86-H138)/H138 -> 0.15454545 | AH86: =(I86-I138)/I138 -> 0.36470215 | AI86: =(J86-J138)/J138 -> -0.055625124 | AJ86: =(D86-D138)/D138 -> -0.18181818 | AK86: =(E86-E138)/E138 -> -0.18666667
A87: 45639 | B87: =YEAR(A87) -> 2024 | C87: =MONTH(A87) -> 12 | D87: =AVERAGEIFS(data!G:G,data!A:A,'weekly-forecast'!B87,data!B:B,'weekly-forecast'!C87) -> 270 | E87: =AVERAGEIFS(data!F:F,data!A:A,'weekly-forecast'!B87,data!B:B,'weekly-forecast'!C87) -> 244 | F87: 220 | G87: 410 | H87: 307.5 | I87: 3.2916 | J87: 73.227727 | Q87: =(F87-F88)/F88 -> -0.011235955 | R87: =(G87-G88)/G88 -> -0.046511628 | S87: =(H87-H88)/H88 -> 0 | T87: =(I87-I88)/I88 -> 0.065035915 | U87: =(J87-J88)/J88 -> 0 | V87: =(D87-D88)/D88 -> 0 | W87: =(E87-E88)/E88 -> 0 | X87: =(F87-F91)/F91 -> -0.083333333 | Y87: =(G87-G91)/G91 -> -0.046511628 | Z87: =(H87-H91)/H91 -> -0.016 | AA87: =(I87-I91)/I91 -> 0.1414898 | AB87: =(J87-J91)/J91 -> -0.0038205634 | AC87: =(D87-D91)/D91 -> 0 | AD87: =(E87-E91)/E91 -> -0.079245283 | AE87: =(F87-F139)/F139 -> 0.27536232 | AF87: =(G87-G139)/G139 -> -0.035294118 | AG87: =(H87-H139)/H139 -> 0.051282051 | AH87: =(I87-I139)/I139 -> 0.37608696 | AI87: =(J87-J139)/J139 -> -0.055625124 | AJ87: =(D87-D139)/D139 -> -0.18181818 | AK87: =(E87-E139)/E139 -> -0.18666667
A88: 45632 | B88: =YEAR(A88) -> 2024 | C88: =MONTH(A88) -> 12 | D88: =AVERAGEIFS(data!G:G,data!A:A,'weekly-forecast'!B88,data!B:B,'weekly-forecast'!C88) -> 270 | E88: =AVERAGEIFS(data!F:F,data!A:A,'weekly-forecast'!B88,data!B:B,'weekly-forecast'!C88) -> 244 | F88: 222.5 | G88: 430 | H88: 307.5 | I88: 3.0906 | J88: 73.227727 | Q88: =(F88-F89)/F89 -> 0 | R88: =(G88-G89)/G89 -> 0 | S88: =(H88-H89)/H89 -> -0.016 | T88: =(I88-I89)/I89 -> -0.075155233 | U88: =(J88-J89)/J89 -> -0.0038205634 | V88: =(D88-D89)/D89 -> 0 | W88: =(E88-E89)/E89 -> -0.079245283 | X88: =(F88-F92)/F92 -> -0.082474227 | Y88: =(G88-G92)/G92 -> 0 | Z88: =(H88-H92)/H92 -> -0.036050157 | AA88: =(I88-I92)/I92 -> 0.13960177 | AB88: =(J88-J92)/J92 -> -0.0038205634 | AC88: =(D88-D92)/D92 -> 0 | AD88: =(E88-E92)/E92 -> -0.079245283 | AE88: =(F88-F140)/F140 -> 0.28985507 | AF88: =(G88-G140)/G140 -> -0.12244898 | AG88: =(H88-H140)/H140 -> 0.078947368 | AH88: =(I88-I140)/I140 -> 0.1761169 | AI88: =(J88-J140)/J140 -> -0.055625124 | AJ88: =(D88-D140)/D140 -> -0.18181818 | AK88: =(E88-E140)/E140 -> -0.18666667
A89: 45625 | B89: =YEAR(A89) -> 2024 | C89: =MONTH(A89) -> 11 | D89: =AVERAGEIFS(data!G:G,data!A:A,'weekly-forecast'!B89,data!B:B,'weekly-forecast'!C89) -> 270 | E89: =AVERAGEIFS(data!F:F,data!A:A,'weekly-forecast'!B89,data!B:B,'weekly-forecast'!C89) -> 265 | F89: 222.5 | G89: 430 | H89: 312.5 | I89: 3.34175 | J89: 73.508571 | K89: =AVERAGE(D89:D93) -> 270 | L89: =AVERAGE(E89:E93) -> 265 | M89: =AVERAGE(F89:F93) -> 238 | N89: =AVERAGE(G89:G93) -> 430 | O89: =AVERAGE(H89:H93) -> 316.3 | P89: =AVERAGE(I89:I93) -> 2.92755 | Q89: =(F89-F90)/F90 -> -0.072916667 | R89: =(G89-G90)/G90 -> 0 | S89: =(H89-H90)/H90 -> 0 | T89: =(I89-I90)/I90 -> 0.068881141 | U89: =(J89-J90)/J90 -> 0 | V89: =(D89-D90)/D90 -> 0 | W89: =(E89-E90)/E90 -> 0 | X89: =(F89-F93)/F93 -> -0.091836735 | Y89: =(G89-G93)/G93 -> 0 | Z89: =(H89-H93)/H93 -> -0.038461538 | AA89: =(I89-I93)/I93 -> 0.29827117 | AB89: =(J89-J93)/J93 -> 0 | AC89: =(D89-D93)/D93 -> 0 | AD89: =(E89-E93)/E93 -> 0 | AE89: =(F89-F141)/F141 -> 0.25352113 | AF89: =(G89-G141)/G141 -> -0.21818182 | AG89: =(H89-H141)/H141 -> 0.096491228 | AH89: =(I89-I141)/I141 -> 0.20034124 | AI89: =(J89-J141)/J141 -> -0.052003243 | AJ89: =(D89-D141)/D141 -> -0.18181818 | AK89: =(E89-E141)/E141 -> -0.11666667
A90: 45618 | B90: =YEAR(A90) -> 2024 | C90: =MONTH(A90) -> 11 | D90: =AVERAGEIFS(data!G:G,data!A:A,'weekly-forecast'!B90,data!B:B,'weekly-forecast'!C90) -> 270 | E90: =AVERAGEIFS(data!F:F,data!A:A,'weekly-forecast'!B90,data!B:B,'weekly-forecast'!C90) -> 265 | F90: 240 | G90: 430 | H90: 312.5 | I90: 3.1264 | J90: 73.508571 | Q90: =(F90-F91)/F91 -> 0 | R90: =(G90-G91)/G91 -> 0 | S90: =(H90-H91)/H91 -> 0 | T90: =(I90-I91)/I91 -> 0.084200305 | U90: =(J90-J91)/J91 -> 0 | V90: =(D90-D91)/D91 -> 0 | W90: =(E90-E91)/E91 -> 0 | X90: =(F90-F94)/F94 -> -0.03030303 | Y90: =(G90-G94)/G94 -> 0 | Z90: =(H90-H94)/H94 -> -0.038461538 | AA90: =(I90-I94)/I94 -> 0.29758446 | AB90: =(J90-J94)/J94 -> -0.023356338 | AC90: =(D90-D94)/D94 -> 0 | AD90: =(E90-E94)/E94 -> 0.023166023 | AE90: =(F90-F142)/F142 -> 0.23393316 | AF90: =(G90-G142)/G142 -> -0.21818182 | AG90: =(H90-H142)/H142 -> -0.053030303 | AH90: =(I90-I142)/I142 -> 0.089337979 | AI90: =(J90-J142)/J142 -> -0.10558676 | AJ90: =(D90-D142)/D142 -> -0.035714286 | AK90: =(E90-E142)/E142 -> -0.11666667
A91: 45611 | B91: =YEAR(A91) -> 2024 | C91: =MONTH(A91) -> 11 | D91: =AVERAGEIFS(data!G:G,data!A:A,'weekly-forecast'!B91,data!B:B,'weekly-forecast'!C91) -> 270 | E91: =AVERAGEIFS(data!F:F,data!A:A,'weekly-forecast'!B91,data!B:B,'weekly-forecast'!C91) -> 265 | F91: 240 | G91: 430 | H91: 312.5 | I91: 2.8836 | J91: 73.508571 | Q91: =(F91-F92)/F92 -> -0.010309278 | R91: =(G91-G92)/G92 -> 0 | S91: =(H91-H92)/H92 -> -0.020376176 | T91: =(I91-I92)/I92 -> 0.063274336 | U91: =(J91-J92)/J92 -> 0 | V91: =(D91-D92)/D92 -> 0 | W91: =(E91-E92)/E92 -> 0 | X91: =(F91-F95)/F95 -> 0.010526316 | Y91: =(G91-G95)/G95 -> 0 | Z91: =(H91-H95)/H95 -> -0.038461538 | AA91: =(I91-I95)/I95 -> 0.20511535 | AB91: =(J91-J95)/J95 -> -0.023356338 | AC91: =(D91-D95)/D95 -> 0 | AD91: =(E91-E95)/E95 -> 0.023166023 | AE91: =(F91-F143)/F143 -> 0.23393316 | AF91: =(G91-G143)/G143 -> -0.21818182 | AG91: =(H91-H143)/H143 -> -0.053030303 | AH91: =(I91-I143)/I143 -> -0.070705769 | AI91: =(J91-J143)/J143 -> -0.10558676 | AJ91: =(D91-D143)/D143 -> -0.035714286 | AK91: =(E91-E143)/E143 -> -0.11666667
A92: 45604 | B92: =YEAR(A92) -> 2024 | C92: =MONTH(A92) -> 11 | D92: =AVERAGEIFS(data!G:G,data!A:A,'weekly-forecast'!B92,data!B:B,'weekly-forecast'!C92) -> 270 | E92: =AVERAGEIFS(data!F:F,data!A:A,'weekly-forecast'!B92,data!B:B,'weekly-forecast'!C92) -> 265 | F92: 242.5 | G92: 430 | H92: 319 | I92: 2.712 | J92: 73.508571 | Q92: =(F92-F93)/F93 -> -0.010204082 | R92: =(G92-G93)/G93 -> 0 | S92: =(H92-H93)/H93 -> -0.018461538 | T92: =(I92-I93)/I93 -> 0.053613054 | U92: =(J92-J93)/J93 -> 0 | V92: =(D92-D93)/D93 -> 0 | W92: =(E92-E93)/E93 -> 0 | X92: =(F92-F96)/F96 -> 0.021052632 | Y92: =(G92-G96)/G96 -> 0 | Z92: =(H92-H96)/H96 -> -0.033333333 | AA92: =(I92-I96)/I96 -> 0.0084783579 | AB92: =(J92-J96)/J96 -> -0.023356338 | AC92: =(D92-D96)/D96 -> 0 | AD92: =(E92-E96)/E96 -> 0.023166023 | AE92: =(F92-F144)/F144 -> 0.24678663 | AF92: =(G92-G144)/G144 -> -0.21818182 | AG92: =(H92-H144)/H144 -> -0.088571429 | AH92: =(I92-I144)/I144 -> -0.1298768 | AI92: =(J92-J144)/J144 -> -0.10558676 | AJ92: =(D92-D144)/D144 -> -0.035714286 | AK92: =(E92-E144)/E144 -> -0.11666667
A93: 45597 | B93: =YEAR(A93) -> 2024 | C93: =MONTH(A93) -> 11 | D93: =AVERAGEIFS(data!G:G,data!A:A,'weekly-forecast'!B93,data!B:B,'weekly-forecast'!C93) -> 270 | E93: =AVERAGEIFS(data!F:F,data!A:A,'weekly-forecast'!B93,data!B:B,'weekly-forecast'!C93) -> 265 | F93: 245 | G93: 430 | H93: 325 | I93: 2.574 | J93: 73.508571 | Q93: =(F93-F94)/F94 -> -0.01010101 | R93: =(G93-G94)/G94 -> 0 | S93: =(H93-H94)/H94 -> 0 | T93: =(I93-I94)/I94 -> 0.068315763 | U93: =(J93-J94)/J94 -> -0.023356338 | V93: =(D93-D94)/D94 -> 0 | W93: =(E93-E94)/E94 -> 0.023166023 | X93: =(F93-F97)/F97 -> -0.01010101 | Y93: =(G93-G97)/G97 -> 0 | Z93: =(H93-H97)/H97 -> 0.056910569 | AA93: =(I93-I97)/I97 -> -0.11418542 | AB93: =(J93-J97)/J97 -> -0.023356338 | AC93: =(D93-D97)/D97 -> 0 | AD93: =(E93-E97)/E97 -> 0.023166023 | AE93: =(F93-F145)/F145 -> 0.20987654 | AF93: =(G93-G145)/G145 -> -0.21818182 | AG93: =(H93-H145)/H145 -> -0.090909091 | AH93: =(I93-I145)/I145 -> -0.26068474 | AI93: =(J93-J145)/J145 -> -0.10558676 | AJ93: =(D93-D145)/D145 -> -0.035714286 | AK93: =(E93-E145)/E145 -> -0.11666667
A94: 45590 | B94: =YEAR(A94) -> 2024 | C94: =MONTH(A94) -> 10 | D94: =AVERAGEIFS(data!G:G,data!A:A,'weekly-forecast'!B94,data!B:B,'weekly-forecast'!C94) -> 270 | E94: =AVERAGEIFS(data!F:F,data!A:A,'weekly-forecast'!B94,data!B:B,'weekly-forecast'!C94) -> 259 | F94: 247.5 | G94: 430 | H94: 325 | I94: 2.4094 | J94: 75.266522 | K94: =AVERAGE(D94:D97) -> 270 | L94: =AVERAGE(E94:E97) -> 259 | M94: =AVERAGE(F94:F97) -> 242.5 | N94: =AVERAGE(G94:G97) -> 430 | O94: =AVERAGE(H94:H97) -> 321.875 | P94: =AVERAGE(I94:I97) -> 2.5993 | Q94: =(F94-F95)/F95 -> 0.042105263 | R94: =(G94-G95)/G95 -> 0 | S94: =(H94-H95)/H95 -> 0 | T94: =(I94-I95)/I95 -> 0.0069374791 | U94: =(J94-J95)/J95 -> 0 | V94: =(D94-D95)/D95 -> 0 | W94: =(E94-E95)/E95 -> 0 | X94: =(F94-F98)/F98 -> 0 | Y94: =(G94-G98)/G98 -> 0 | Z94: =(H94-H98)/H98 -> 0.056910569 | AA94: =(I94-I98)/I98 -> -0.093392535 | AB94: =(J94-J98)/J98 -> 0.030235076 | AC94: =(D94-D98)/D98 -> 0.071428571 | AD94: =(E94-E98)/E98 -> 0.13100437 | AE94: =(F94-F146)/F146 -> 0.19277108 | AF94: =(G94-G146)/G146 -> -0.21818182 | AG94: =(H94-H146)/H146 -> -0.057971014 | AH94: =(I94-I146)/I146 -> -0.21184167 | AI94: =(J94-J146)/J146 -> -0.15381175 | AJ94: =(D94-D146)/D146 -> -0.035714286 | AK94: =(E94-E146)/E146 -> 0.036
A95: 45583 | B95: =YEAR(A95) -> 2024 | C95: =MONTH(A95) -> 10 | D95: =AVERAGEIFS(data!G:G,data!A:A,'weekly-forecast'!B95,data!B:B,'weekly-forecast'!C95) -> 270 | E95: =AVERAGEIFS(data!F:F,data!A:A,'weekly-forecast'!B95,data!B:B,'weekly-forecast'!C95) -> 259 | F95: 237.5 | G95: 430 | H95: 325 | I95: 2.3928 | J95: 75.266522 | Q95: =(F95-F96)/F96 -> 0 | R95: =(G95-G96)/G96 -> 0 | S95: =(H95-H96)/H96 -> -0.015151515 | T95: =(I95-I96)/I96 -> -0.11021865 | U95: =(J95-J96)/J96 -> 0 | V95: =(D95-D96)/D96 -> 0 | W95: =(E95-E96)/E96 -> 0 | X95: =(F95-F99)/F99 -> -0.05 | Y95: =(G95-G99)/G99 -> 0 | Z95: =(H95-H99)/H99 -> 0.074380165 | AA95: =(I95-I99)/I99 -> 0.017087478 | AB95: =(J95-J99)/J99 -> 0.030235076 | AC95: =(D95-D99)/D99 -> 0.071428571 | AD95: =(E95-E99)/E99 -> 0.13100437 | AE95: =(F95-F147)/F147 -> 0.032608696 | AF95: =(G95-G147)/G147 -> -0.21818182 | AG95: =(H95-H147)/H147 -> -0.097222222 | AH95: =(I95-I147)/I147 -> -0.20768212 | AI95: =(J95-J147)/J147 -> -0.15381175 | AJ95: =(D95-D147)/D147 -> -0.035714286 | AK95: =(E95-E147)/E147 -> 0.036
A96: 45576 | B96: =YEAR(A96) -> 2024 | C96: =MONTH(A96) -> 10 | D96: =AVERAGEIFS(data!G:G,data!A:A,'weekly-forecast'!B96,data!B:B,'weekly-forecast'!C96) -> 270 | E96: =AVERAGEIFS(data!F:F,data!A:A,'weekly-forecast'!B96,data!B:B,'weekly-forecast'!C96) -> 259 | F96: 237.5 | G96: 430 | H96: 330 | I96: 2.6892 | J96: 75.266522 | Q96: =(F96-F97)/F97 -> -0.04040404 | R96: =(G96-G97)/G97 -> 0 | S96: =(H96-H97)/H97 -> 0.073170732 | T96: =(I96-I97)/I97 -> -0.074540574 | U96: =(J96-J97)/J97 -> 0 | V96: =(D96-D97)/D97 -> 0 | W96: =(E96-E97)/E97 -> 0 | X96: =(F96-F100)/F100 -> -0.059405941 | Y96: =(G96-G100)/G100 -> 0.23741007 | Z96: =(H96-H100)/H100 -> 0.1092437 | AA96: =(I96-I100)/I100 -> 0.18634198 | AB96: =(J96-J100)/J100 -> 0.030235076 | AC96: =(D96-D100)/D100 -> 0.071428571 | AD96: =(E96-E100)/E100 -> 0.13100437 | AE96: =(F96-F148)/F148 -> 0.032608696 | AF96: =(G96-G148)/G148 -> -0.21818182 | AG96: =(H96-H148)/H148 -> -0.083333333 | AH96: =(I96-I148)/I148 -> -0.19557284 | AI96: =(J96-J148)/J148 -> -0.15381175 | AJ96: =(D96-D148)/D148 -> -0.035714286 | AK96: =(E96-E148)/E148 -> 0.036
A97: 45569 | B97: =YEAR(A97) -> 2024 | C97: =MONTH(A97) -> 10 | D97: =AVERAGEIFS(data!G:G,data!A:A,'weekly-forecast'!B97,data!B:B,'weekly-forecast'!C97) -> 270 | E97: =AVERAGEIFS(data!F:F,data!A:A,'weekly-forecast'!B97,data!B:B,'weekly-forecast'!C97) -> 259 | F97: 247.5 | G97: 430 | H97: 307.5 | I97: 2.9058 | J97: 75.266522 | Q97: =(F97-F98)/F98 -> 0 | R97: =(G97-G98)/G98 -> 0 | S97: =(H97-H98)/H98 -> 0 | T97: =(I97-I98)/I98 -> 0.093392535 | U97: =(J97-J98)/J98 -> 0.030235076 | V97: =(D97-D98)/D98 -> 0.071428571 | W97: =(E97-E98)/E98 -> 0.13100437 | X97: =(F97-F101)/F101 -> 0.020618557 | Y97: =(G97-G101)/G101 -> 0.23741007 | Z97: =(H97-H101)/H101 -> 0.025 | AA97: =(I97-I101)/I101 -> 0.30936127 | AB97: =(J97-J101)/J101 -> 0.030235076 | AC97: =(D97-D101)/D101 -> 0.071428571 | AD97: =(E97-E101)/E101 -> 0.13100437 | AE97: =(F97-F149)/F149 -> 0.15116279 | AF97: =(G97-G149)/G149 -> -0.21818182 | AG97: =(H97-H149)/H149 -> -0.14583333 | AH97: =(I97-I149)/I149 -> -0.047590954 | AI97: =(J97-J149)/J149 -> -0.15381175 | AJ97: =(D97-D149)/D149 -> -0.035714286 | AK97: =(E97-E149)/E149 -> 0.036
A98: 45562 | B98: =YEAR(A98) -> 2024 | C98: =MONTH(A98) -> 9 | D98: =AVERAGEIFS(data!G:G,data!A:A,'weekly-forecast'!B98,data!B:B,'weekly-forecast'!C98) -> 252 | E98: =AVERAGEIFS(data!F:F,data!A:A,'weekly-forecast'!B98,data!B:B,'weekly-forecast'!C98) -> 229 | F98: 247.5 | G98: 430 | H98: 307.5 | I98: 2.6576 | J98: 73.057619 | K98: =AVERAGE(D98:D101) -> 252 | L98: =AVERAGE(E98:E101) -> 229 | M98: =AVERAGE(F98:F101) -> 248.125 | N98: =AVERAGE(G98:G101) -> 388.75 | O98: =AVERAGE(H98:H101) -> 301.875 | P98: =AVERAGE(I98:I101) -> 2.3740625 | Q98: =(F98-F99)/F99 -> -0.01 | R98: =(G98-G99)/G99 -> 0 | S98: =(H98-H99)/H99 -> 0.016528926 | T98: =(I98-I99)/I99 -> 0.1296438 | U98: =(J98-J99)/J99 -> 0 | V98: =(D98-D99)/D99 -> 0 | W98: =(E98-E99)/E99 -> 0 | X98: =(F98-F102)/F102 -> 0 | Y98: =(G98-G102)/G102 -> 0.19444444 | Z98: =(H98-H102)/H102 -> 0.016528926 | AA98: =(I98-I102)/I102 -> 0.32166302 | AB98: =(J98-J102)/J102 -> -0.075438119 | AC98: =(D98-D102)/D102 -> -0.090252708 | AD98: =(E98-E102)/E102 -> -0.084 | AE98: =(F98-F150)/F150 -> 0.053191489 | AF98: =(G98-G150)/G150 -> -0.21818182 | AG98: =(H98-H150)/H150 -> -0.12142857 | AH98: =(I98-I150)/I150 -> -0.046292974 | AI98: =(J98-J150)/J150 -> -0.21166514 | AJ98: =(D98-D150)/D150 -> -0.1 | AK98: =(E98-E150)/E150 -> -0.084
A99: 45555 | B99: =YEAR(A99) -> 2024 | C99: =MONTH(A99) -> 9 | D99: =AVERAGEIFS(data!G:G,data!A:A,'weekly-forecast'!B99,data!B:B,'weekly-forecast'!C99) -> 252 | E99: =AVERAGEIFS(data!F:F,data!A:A,'weekly-forecast'!B99,data!B:B,'weekly-forecast'!C99) -> 229 | F99: 250 | G99: 430 | H99: 302.5 | I99: 2.3526 | J99: 73.057619 | Q99: =(F99-F100)/F100 -> -0.0099009901 | R99: =(G99-G100)/G100 -> 0.23741007 | S99: =(H99-H100)/H100 -> 0.016806723 | T99: =(I99-I100)/I100 -> 0.037850715 | U99: =(J99-J100)/J100 -> 0 | V99: =(D99-D100)/D100 -> 0 | W99: =(E99-E100)/E100 -> 0 | X99: =(F99-F103)/F103 -> 0.030927835 | Y99: =(G99-G103)/G103 -> 0.21985816 | Z99: =(H99-H103)/H103 -> 0.0083333333 | AA99: =(I99-I103)/I103 -> 0.1008891 | AB99: =(J99-J103)/J103 -> -0.075438119 | AC99: =(D99-D103)/D103 -> -0.090252708 | AD99: =(E99-E103)/E103 -> -0.084 | AE99: =(F99-F151)/F151 -> 0.041666667 | AF99: =(G99-G151)/G151 -> -0.033707865 | AG99: =(H99-H151)/H151 -> -0.13571429 | AH99: =(I99-I151)/I151 -> -0.13226616 | AI99: =(J99-J151)/J151 -> -0.21166514 | AJ99: =(D99-D151)/D151 -> -0.1 | AK99: =(E99-E151)/E151 -> -0.084
A100: 45548 | B100: =YEAR(A100) -> 2024 | C100: =MONTH(A100) -> 9 | D100: =AVERAGEIFS(data!G:G,data!A:A,'weekly-forecast'!B100,data!B:B,'weekly-forecast'!C100) -> 252 | E100: =AVERAGEIFS(data!F:F,data!A:A,'weekly-forecast'!B100,data!B:B,'weekly-forecast'!C100) -> 229 | F100: 252.5 | G100: 347.5 | H100: 297.5 | I100: 2.2668 | J100: 73.057619 | Q100: =(F100-F101)/F101 -> 0.041237113 | R100: =(G100-G101)/G101 -> 0 | S100: =(H100-H101)/H101 -> -0.0083333333 | T100: =(I100-I101)/I101 -> 0.021426157 | U100: =(J100-J101)/J101 -> 0 | V100: =(D100-D101)/D101 -> 0 | W100: =(E100-E101)/E101 -> 0 | X100: =(F100-F104)/F104 -> 0.041237113 | Y100: =(G100-G104)/G104 -> -0.021126761 | Z100: =(H100-H104)/H104 -> -0.0083333333 | AA100: =(I100-I104)/I104 -> 0.04211107 | AB100: =(J100-J104)/J104 -> -0.075438119 | AC100: =(D100-D104)/D104 -> -0.090252708 | AD100: =(E100-E104)/E104 -> -0.084 | AE100: =(F100-F152)/F152 -> -0.098214286 | AF100: =(G100-G152)/G152 -> -0.21910112 | AG100: =(H100-H152)/H152 -> -0.15 | AH100: =(I100-I152)/I152 -> -0.15310469 | AI100: =(J100-J152)/J152 -> -0.21166514 | AJ100: =(D100-D152)/D152 -> -0.1 | AK100: =(E100-E152)/E152 -> -0.084
...

Sheet monthly-forecast
D1: Current commodity price | L1: Monthly price
A2: Date | B2: Year | C2: Month | D2: PPAN-f | E2: HDAN-f | F2: PPAN-r | G2: HDAN-r | H2: Baltic AN | I2: Ammonia | J2: Urea | K2: Natural_gas | L2: PPAN-saraar | M2: HDAN-saraar | N2: PPAN | O2: HDAN | P2: Baltic AN | Q2: Ammonia | R2: Urea | S2: Natural_gas
A3: =A4+7 -> 46248 | B3: =YEAR(A3) -> 2026 | C3: =MONTH(A3) -> 8
A4: =A5+7 -> 46241 | B4: =YEAR(A4) -> 2026 | C4: =MONTH(A4) -> 8
A5: =A6+7 -> 46234 | B5: =YEAR(A5) -> 2026 | C5: =MONTH(A5) -> 7
A6: =A7+7 -> 46227 | B6: =YEAR(A6) -> 2026 | C6: =MONTH(A6) -> 7 | L6: =0.280558110643*L10 + 0.15041224611*L14 - 0.188812610795*Q10 + 0.259276330013*Q14 + 0.249001945549*P10 - 0.0911542671384*P14 - 11.8844751787*S10 + 5.64643067713*S14 + 0.185696475006*R10 + 0.247343345212*R14- 3.75210437468 -> 575.47342 | M6: =0.080991528041*M10 + 0.303754553817*M14- 0.25338201366*Q10+ 0.269148503584*Q14 + 0.00378757678133*P10+ 0.43547234846*P14 - 12.2555082812*S10 + 15.7710625006*S14+ 0.517281394734*R10 - 0.299449478792*R14 - 3.00478655786 -> 454.39439 | N6: =AVERAGE(D6:D9) -> 474.21383 | O6: =AVERAGE(E6:E9) -> 474.38305 | P6: =AVERAGE(H6:H9) -> 392.5 | Q6: =AVERAGE(I6:I9) -> 770 | R6: =AVERAGE(J6:J9) -> 362 | S6: =AVERAGE(K6:K9) -> 3.239
A7: =A8+7 -> 46220 | B7: =YEAR(A7) -> 2026 | C7: =MONTH(A7) -> 7 | D7: =0.280558110643*D8 + 0.15041224611*D9 - 0.188812610795*I8 + 0.259276330013*I9 + 0.249001945549*H8 - 0.0911542671384*H9 - 11.8844751787*K8 + 5.64643067713*K9 + 0.185696475006*J8 + 0.247343345212*J9- 3.75210437468 -> 471.3551 | E7: =0.080991528041*E8 + 0.303754553817*E9- 0.25338201366*I8+ 0.269148503584*I9 + 0.00378757678133*H8+ 0.43547234846*H9 - 12.2555082812*K8 + 15.7710625006*K9+ 0.517281394734*J8 - 0.299449478792*J9 - 3.00478655786 -> 496.89491
A8: =A9+7 -> 46213 | B8: =YEAR(A8) -> 2026 | C8: =MONTH(A8) -> 7 | D8: =0.280558110643*D9 + 0.15041224611*D10 - 0.188812610795*I9 + 0.259276330013*I10 + 0.249001945549*H9 - 0.0911542671384*H10 - 11.8844751787*K9 + 5.64643067713*K10 + 0.185696475006*J9 + 0.247343345212*J10- 3.75210437468 -> 463.55894 | E8: =0.080991528041*E9 + 0.303754553817*E10- 0.25338201366*I9+ 0.269148503584*I10 + 0.00378757678133*H9+ 0.43547234846*H10 - 12.2555082812*K9 + 15.7710625006*K10+ 0.517281394734*J9 - 0.299449478792*J10 - 3.00478655786 -> 459.24698 | AC8: HDAN = 0.080991528041*HDAN(-1) + 0.303754553817*HDAN(-2) - 0.25338201366*AMMONIA(-1) + 0.269148503584*AMMONIA(-2) + 0.00378757678133*BALTIC_AN(-1) + 0.43547234846*BALTIC_AN(-2) - 12.2555082812*NATURAL_GAS(-1) + 15.7710625006*NATURAL_GAS(-2) + 0.517281394734*UREA(-1) - 0.299449478792*UREA(-2) - 3.00478655786
A9: =A10+7 -> 46206 | B9: =YEAR(A9) -> 2026 | C9: =MONTH(A9) -> 7 | D9: =0.280558110643*D10 + 0.15041224611*D11 - 0.188812610795*I10 + 0.259276330013*I11 + 0.249001945549*H10 - 0.0911542671384*H11 - 11.8844751787*K10 + 5.64643067713*K11 + 0.185696475006*J10 + 0.247343345212*J11- 3.75210437468 -> 487.72746 | E9: =0.080991528041*E10 + 0.303754553817*E11- 0.25338201366*I10+ 0.269148503584*I11 + 0.00378757678133*H10+ 0.43547234846*H11 - 12.2555082812*K10 + 15.7710625006*K11+ 0.517281394734*J10 - 0.299449478792*J11 - 3.00478655786 -> 467.00725 | F9: =0.280558110643*F10 + 0.15041224611*F11 - 0.188812610795*I10 + 0.259276330013*I11 + 0.249001945549*H10 - 0.0911542671384*H11 - 11.8844751787*K10 + 5.64643067713*K11 + 0.185696475006*J10 + 0.247343345212*J11- 3.75210437468 -> 486.97291 | G9: =0.080991528041*G10 + 0.303754553817*G11- 0.25338201366*I10+ 0.269148503584*I11 + 0.00378757678133*H10+ 0.43547234846*H11 - 12.2555082812*K10 + 15.7710625006*K11+ 0.517281394734*J10 - 0.299449478792*J11 - 3.00478655786 -> 465.98237 | H9: 392.5 | I9: 770 | J9: 362 | K9: 3.239
A10: =A11+7 -> 46199 | B10: =YEAR(A10) -> 2026 | C10: =MONTH(A10) -> 6 | D10: =0.280558110643*D11 + 0.15041224611*D12 - 0.188812610795*I11 + 0.259276330013*I12 + 0.249001945549*H11 - 0.0911542671384*H12 - 11.8844751787*K11 + 5.64643067713*K12 + 0.185696475006*J11 + 0.247343345212*J12- 3.75210437468 -> 516.63 | E10: =0.080991528041*E11 + 0.303754553817*E12- 0.25338201366*I11+ 0.269148503584*I12 + 0.00378757678133*H11+ 0.43547234846*H12 - 12.2555082812*K11 + 15.7710625006*K12+ 0.517281394734*J11 - 0.299449478792*J12 - 3.00478655786 -> 492.62269 | F10: =0.280558110643*F11 + 0.15041224611*F12 - 0.188812610795*I11 + 0.259276330013*I12 + 0.249001945549*H11 - 0.0911542671384*H12 - 11.8844751787*K11 + 5.64643067713*K12 + 0.185696475006*J11 + 0.247343345212*J12- 3.75210437468 -> 515.26548 | G10: =0.080991528041*G11 + 0.303754553817*G12- 0.25338201366*I11+ 0.269148503584*I12 + 0.00378757678133*H11+ 0.43547234846*H12 - 12.2555082812*K11 + 15.7710625006*K12+ 0.517281394734*J11 - 0.299449478792*J12 - 3.00478655786 -> 491.11496 | H10: 392.5 | I10: 770 | J10: 362 | K10: 3.239 | L10: =0.280558110643*L14 + 0.15041224611*L19 - 0.188812610795*Q14 + 0.259276330013*Q19 + 0.249001945549*P14 - 0.0911542671384*P19 - 11.8844751787*S14 + 5.64643067713*S19 + 0.185696475006*R14 + 0.247343345212*R19- 3.75210437468 -> 619.00915 | M10: =0.080991528041*M14 + 0.303754553817*M19- 0.25338201366*Q14+ 0.269148503584*Q19 + 0.00378757678133*P14+ 0.43547234846*P19 - 12.2555082812*S14 + 15.7710625006*S19+ 0.517281394734*R14 - 0.299449478792*R19 - 3.00478655786 -> 497.7171 | N10: =AVERAGE(D10:D13) -> 576.50333 | O10: =AVERAGE(E10:E13) -> 519.49286 | P10: =AVERAGE(H10:H13) -> 417.5 | Q10: =AVERAGE(I10:I13) -> 790 | R10: =AVERAGE(J10:J13) -> 406.125 | S10: =AVERAGE(K10:K13) -> 3.19725
A11: =A12+7 -> 46192 | B11: =YEAR(A11) -> 2026 | C11: =MONTH(A11) -> 6 | D11: =0.280558110643*D12 + 0.15041224611*D13 - 0.188812610795*I12 + 0.259276330013*I13 + 0.249001945549*H12 - 0.0911542671384*H13 - 11.8844751787*K12 + 5.64643067713*K13 + 0.185696475006*J12 + 0.247343345212*J13- 3.75210437468 -> 551.64947 | E11: =0.080991528041*E12 + 0.303754553817*E13- 0.25338201366*I12+ 0.269148503584*I13 + 0.00378757678133*H12+ 0.43547234846*H13 - 12.2555082812*K12 + 15.7710625006*K13+ 0.517281394734*J12 - 0.299449478792*J13 - 3.00478655786 -> 492.85469 | F11: =0.280558110643*F12 + 0.15041224611*F13 - 0.188812610795*I12 + 0.259276330013*I13 + 0.249001945549*H12 - 0.0911542671384*H13 - 11.8844751787*K12 + 5.64643067713*K13 + 0.185696475006*J12 + 0.247343345212*J13- 3.75210437468 -> 549.17815 | G11: =0.080991528041*G12 + 0.303754553817*G13- 0.25338201366*I12+ 0.269148503584*I13 + 0.00378757678133*H12+ 0.43547234846*H13 - 12.2555082812*K12 + 15.7710625006*K13+ 0.517281394734*J12 - 0.299449478792*J13 - 3.00478655786 -> 489.88268 | H11: 417.5 | I11: 790 | J11: 395 | K11: 3.19
A12: =A13+7 -> 46185 | B12: =YEAR(A12) -> 2026 | C12: =MONTH(A12) -> 6 | D12: =0.280558110643*D13 + 0.15041224611*D14 - 0.188812610795*I13 + 0.259276330013*I14 + 0.249001945549*H13 - 0.0911542671384*H14 - 11.8844751787*K13 + 5.64643067713*K14 + 0.185696475006*J13 + 0.247343345212*J14- 3.75210437468 -> 601.85498 | E12: =0.080991528041*E13 + 0.303754553817*E14- 0.25338201366*I13+ 0.269148503584*I14 + 0.00378757678133*H13+ 0.43547234846*H14 - 12.2555082812*K13 + 15.7710625006*K14+ 0.517281394734*J13 - 0.299449478792*J14 - 3.00478655786 -> 528.53532 | F12: =0.280558110643*F13 + 0.15041224611*F14 - 0.188812610795*I13 + 0.259276330013*I14 + 0.249001945549*H13 - 0.0911542671384*H14 - 11.8844751787*K13 + 5.64643067713*K14 + 0.185696475006*J13 + 0.247343345212*J14- 3.75210437468 -> 597.39274 | G12: =0.080991528041*G13 + 0.303754553817*G14- 0.25338201366*I13+ 0.269148503584*I14 + 0.00378757678133*H13+ 0.43547234846*H14 - 12.2555082812*K13 + 15.7710625006*K14+ 0.517281394734*J13 - 0.299449478792*J14 - 3.00478655786 -> 524.36413 | H12: 417.5 | I12: 800 | J12: 395 | K12: 3.15
A13: 46178 | B13: =YEAR(A13) -> 2026 | C13: =MONTH(A13) -> 6 | D13: =0.280558110643*D14 + 0.15041224611*D15 - 0.188812610795*I14 + 0.259276330013*I15 + 0.249001945549*H14 - 0.0911542671384*H15 - 11.8844751787*K14 + 5.64643067713*K15 + 0.185696475006*J14 + 0.247343345212*J15- 3.75210437468 -> 635.87885 | E13: =0.080991528041*E14 + 0.303754553817*E15- 0.25338201366*I14+ 0.269148503584*I15 + 0.00378757678133*H14+ 0.43547234846*H15 - 12.2555082812*K14 + 15.7710625006*K15+ 0.517281394734*J14 - 0.299449478792*J15 - 3.00478655786 -> 563.95876 | F13: =0.280558110643*F14 + 0.15041224611*F15 - 0.188812610795*I14 + 0.259276330013*I15 + 0.249001945549*H14 - 0.0911542671384*H15 - 11.8844751787*K14 + 5.64643067713*K15 + 0.185696475006*J14 + 0.247343345212*J15- 3.75210437468 -> 627.77178 | G13: =0.080991528041*G14 + 0.303754553817*G15- 0.25338201366*I14+ 0.269148503584*I15 + 0.00378757678133*H14+ 0.43547234846*H15 - 12.2555082812*K14 + 15.7710625006*K15+ 0.517281394734*J14 - 0.299449478792*J15 - 3.00478655786 -> 555.28669 | H13: 442.5 | I13: 800 | J13: 472.5 | K13: 3.21
A14: 46171 | B14: =YEAR(A14) -> 2026 | C14: =MONTH(A14) -> 5 | D14: =0.280558110643*D15 + 0.15041224611*D16 - 0.188812610795*I15 + 0.259276330013*I16 + 0.249001945549*H15 - 0.0911542671384*H16 - 11.8844751787*K15 + 5.64643067713*K16 + 0.185696475006*J15 + 0.247343345212*J16- 3.75210437468 -> 676.56177 | E14: =0.080991528041*E15 + 0.303754553817*E16- 0.25338201366*I15+ 0.269148503584*I16 + 0.00378757678133*H15+ 0.43547234846*H16 - 12.2555082812*K15 + 15.7710625006*K16+ 0.517281394734*J15 - 0.299449478792*J16 - 3.00478655786 -> 587.0861 | F14: =0.280558110643*F15 + 0.15041224611*F16 - 0.188812610795*I15 + 0.259276330013*I16 + 0.249001945549*H15 - 0.0911542671384*H16 - 11.8844751787*K15 + 5.64643067713*K16 + 0.185696475006*J15 + 0.247343345212*J16- 3.75210437468 -> 662.01682 | G14: =0.080991528041*G15 + 0.303754553817*G16- 0.25338201366*I15+ 0.269148503584*I16 + 0.00378757678133*H15+ 0.43547234846*H16 - 12.2555082812*K15 + 15.7710625006*K16+ 0.517281394734*J15 - 0.299449478792*J16 - 3.00478655786 -> 575.66626 | H14: 467.5 | I14: 800 | J14: 545 | K14: 3.03 | L14: =0.280558110643*L19 + 0.15041224611*L23 - 0.188812610795*Q19 + 0.259276330013*Q23 + 0.249001945549*P19 - 0.0911542671384*P23 - 11.8844751787*S19 + 5.64643067713*S23 + 0.185696475006*R19 + 0.247343345212*R23- 3.75210437468 -> 579.33581 | M14: =0.080991528041*M19 + 0.303754553817*M23- 0.25338201366*Q19+ 0.269148503584*Q23 + 0.00378757678133*P19+ 0.43547234846*P23 - 12.2555082812*S19 + 15.7710625006*S23+ 0.517281394734*R19 - 0.299449478792*R23 - 3.00478655786 -> 543.23266 | N14: =AVERAGEA(D14:D18) -> 708.97426 | O14: =AVERAGEA(E14:E18) -> 603.80602 | P14: =AVERAGEA(H14:H18) -> 495.5 | Q14: =AVERAGEA(I14:I18) -> 770 | R14: =AVERAGEA(J14:J18) -> 629 | S14: =AVERAGEA(K14:K18) -> 2.86
A15: 46164 | B15: =YEAR(A15) -> 2026 | C15: =MONTH(A15) -> 5 | D15: =0.280558110643*D16 + 0.15041224611*D17 - 0.188812610795*I16 + 0.259276330013*I17 + 0.249001945549*H16 - 0.0911542671384*H17 - 11.8844751787*K16 + 5.64643067713*K17 + 0.185696475006*J16 + 0.247343345212*J17- 3.75210437468 -> 704.81186 | E15: =0.080991528041*E16 + 0.303754553817*E17- 0.25338201366*I16+ 0.269148503584*I17 + 0.00378757678133*H16+ 0.43547234846*H17 - 12.2555082812*K16 + 15.7710625006*K17+ 0.517281394734*J16 - 0.299449478792*J17 - 3.00478655786 -> 590.62192 | F15: =0.280558110643*F16 + 0.15041224611*F17 - 0.188812610795*I16 + 0.259276330013*I17 + 0.249001945549*H16 - 0.0911542671384*H17 - 11.8844751787*K16 + 5.64643067713*K17 + 0.185696475006*J16 + 0.247343345212*J17- 3.75210437468 -> 678.04297 | G15: =0.080991528041*G16 + 0.303754553817*G17- 0.25338201366*I16+ 0.269148503584*I17 + 0.00378757678133*H16+ 0.43547234846*H17 - 12.2555082812*K16 + 15.7710625006*K17+ 0.517281394734*J16 - 0.299449478792*J17 - 3.00478655786 -> 565.11724 | H15: 500 | I15: 762.5 | J15: 582.5 | K15: 3.02
A16: 46157 | B16: =YEAR(A16) -> 2026 | C16: =MONTH(A16) -> 5 | D16: =0.280558110643*D17 + 0.15041224611*D18 - 0.188812610795*I17 + 0.259276330013*I18 + 0.249001945549*H17 - 0.0911542671384*H18 - 11.8844751787*K17 + 5.64643067713*K18 + 0.185696475006*J17 + 0.247343345212*J18- 3.75210437468 -> 723.45732 | E16: =0.080991528041*E17 + 0.303754553817*E18- 0.25338201366*I17+ 0.269148503584*I18 + 0.00378757678133*H17+ 0.43547234846*H18 - 12.2555082812*K17 + 15.7710625006*K18+ 0.517281394734*J17 - 0.299449478792*J18 - 3.00478655786 -> 613.19689 | F16: =0.280558110643*F17 + 0.15041224611*F18 - 0.188812610795*I17 + 0.259276330013*I18 + 0.249001945549*H17 - 0.0911542671384*H18 - 11.8844751787*K17 + 5.64643067713*K18 + 0.185696475006*J17 + 0.247343345212*J18- 3.75210437468 -> 676.68774 | G16: =0.080991528041*G17 + 0.303754553817*G18- 0.25338201366*I17+ 0.269148503584*I18 + 0.00378757678133*H17+ 0.43547234846*H18 - 12.2555082812*K17 + 15.7710625006*K18+ 0.517281394734*J17 - 0.299449478792*J18 - 3.00478655786 -> 582.40171 | H16: 500 | I16: 762.5 | J16: 617.5 | K16: 2.85
A17: 46150 | B17: =YEAR(A17) -> 2026 | C17: =MONTH(A17) -> 5 | D17: =0.280558110643*D18 + 0.15041224611*D19 - 0.188812610795*I18 + 0.259276330013*I19 + 0.249001945549*H18 - 0.0911542671384*H19 - 11.8844751787*K18 + 5.64643067713*K19 + 0.185696475006*J18 + 0.247343345212*J19- 3.75210437468 -> 715.21788 | E17: =0.080991528041*E18 + 0.303754553817*E19- 0.25338201366*I18+ 0.269148503584*I19 + 0.00378757678133*H18+ 0.43547234846*H19 - 12.2555082812*K18 + 15.7710625006*K19+ 0.517281394734*J18 - 0.299449478792*J19 - 3.00478655786 -> 619.54952 | F17: =0.280558110643*F18 + 0.15041224611*F19 - 0.188812610795*I18 + 0.259276330013*I19 + 0.249001945549*H18 - 0.0911542671384*H19 - 11.8844751787*K18 + 5.64643067713*K19 + 0.185696475006*J18 + 0.247343345212*J19- 3.75210437468 -> 624.48518 | G17: =0.080991528041*G18 + 0.303754553817*G19- 0.25338201366*I18+ 0.269148503584*I19 + 0.00378757678133*H18+ 0.43547234846*H19 - 12.2555082812*K18 + 15.7710625006*K19+ 0.517281394734*J18 - 0.299449478792*J19 - 3.00478655786 -> 543.79581 | H17: 500 | I17: 762.5 | J17: 682.5 | K17: 2.79
A18: 46143 | B18: =YEAR(A18) -> 2026 | C18: =MONTH(A18) -> 5 | D18: =0.280558110643*D19 + 0.15041224611*D20 - 0.188812610795*I19 + 0.259276330013*I20 + 0.249001945549*H19 - 0.0911542671384*H20 - 11.8844751787*K19 + 5.64643067713*K20 + 0.185696475006*J19 + 0.247343345212*J20- 3.75210437468 -> 724.82248 | E18: =0.080991528041*E19 + 0.303754553817*E20- 0.25338201366*I19+ 0.269148503584*I20 + 0.00378757678133*H19+ 0.43547234846*H20 - 12.2555082812*K19 + 15.7710625006*K20+ 0.517281394734*J19 - 0.299449478792*J20 - 3.00478655786 -> 608.57565 | F18: =0.280558110643*F19 + 0.15041224611*F20 - 0.188812610795*I19 + 0.259276330013*I20 + 0.249001945549*H19 - 0.0911542671384*H20 - 11.8844751787*K19 + 5.64643067713*K20 + 0.185696475006*J19 + 0.247343345212*J20- 3.75210437468 -> 583.12 | G18: =0.080991528041*G19 + 0.303754553817*G20- 0.25338201366*I19+ 0.269148503584*I20 + 0.00378757678133*H19+ 0.43547234846*H20 - 12.2555082812*K19 + 15.7710625006*K20+ 0.517281394734*J19 - 0.299449478792*J20 - 3.00478655786 -> 527.39241 | H18: 510 | I18: 762.5 | J18: 717.5 | K18: 2.61
A19: =A20+7 -> 46136 | B19: =YEAR(A19) -> 2026 | C19: =MONTH(A19) -> 4 | D19: =0.280558110643*D20 + 0.15041224611*D21 - 0.188812610795*I20 + 0.259276330013*I21 + 0.249001945549*H20 - 0.0911542671384*H21 - 11.8844751787*K20 + 5.64643067713*K21 + 0.185696475006*J20 + 0.247343345212*J21- 3.75210437468 -> 699.91473 | E19: =0.080991528041*E20 + 0.303754553817*E21- 0.25338201366*I20+ 0.269148503584*I21 + 0.00378757678133*H20+ 0.43547234846*H21 - 12.2555082812*K20 + 15.7710625006*K21+ 0.517281394734*J20 - 0.299449478792*J21 - 3.00478655786 -> 577.74491 | F19: 361 | G19: 350 | H19: 537.5 | I19: 700 | J19: 717.5 | K19: 2.68 | L19: =0.280558110643*L23 + 0.15041224611*L27 - 0.188812610795*Q23 + 0.259276330013*Q27 + 0.249001945549*P23 - 0.0911542671384*P27 - 11.8844751787*S23 + 5.64643067713*S27 + 0.185696475006*R23 + 0.247343345212*R27- 3.75210437468 -> 479.36765 | M19: =0.080991528041*M23 + 0.303754553817*M27- 0.25338201366*Q23+ 0.269148503584*Q27 + 0.00378757678133*P23+ 0.43547234846*P27 - 12.2555082812*S23 + 15.7710625006*S27+ 0.517281394734*R23 - 0.299449478792*R27 - 3.00478655786 -> 468.04212 | N19: =AVERAGE(D19:D22) -> 643.9401 | O19: =AVERAGE(E19:E22) -> 552.16517 | P19: =AVERAGE(H19:H22) -> 473.125 | Q19: =AVERAGE(I19:I22) -> 683.125 | R19: =AVERAGE(J19:J22) -> 719.375 | S19: =AVERAGE(K19:K22) -> 2.725525
A20: =A21+7 -> 46129 | B20: =YEAR(A20) -> 2026 | C20: =MONTH(A20) -> 4 | D20: =0.280558110643*D21 + 0.15041224611*D22 - 0.188812610795*I21 + 0.259276330013*I22 + 0.249001945549*H21 - 0.0911542671384*H22 - 11.8844751787*K21 + 5.64643067713*K22 + 0.185696475006*J21 + 0.247343345212*J22- 3.75210437468 -> 670.92954 | E20: =0.080991528041*E21 + 0.303754553817*E22- 0.25338201366*I21+ 0.269148503584*I22 + 0.00378757678133*H21+ 0.43547234846*H22 - 12.2555082812*K21 + 15.7710625006*K22+ 0.517281394734*J21 - 0.299449478792*J22 - 3.00478655786 -> 556.54118 | F20: 361 | G20: 350 | H20: 500 | I20: 700 | J20: 717.5 | K20: 2.63
A21: =A22+7 -> 46122 | B21: =YEAR(A21) -> 2026 | C21: =MONTH(A21) -> 4 | D21: =0.280558110643*D22 + 0.15041224611*D23 - 0.188812610795*I22 + 0.259276330013*I23 + 0.249001945549*H22 - 0.0911542671384*H23 - 11.8844751787*K22 + 5.64643067713*K23 + 0.185696475006*J22 + 0.247343345212*J23- 3.75210437468 -> 620.35437 | E21: =0.080991528041*E22 + 0.303754553817*E23- 0.25338201366*I22+ 0.269148503584*I23 + 0.00378757678133*H22+ 0.43547234846*H23 - 12.2555082812*K22 + 15.7710625006*K23+ 0.517281394734*J22 - 0.299449478792*J23 - 3.00478655786 -> 570.72543 | F21: 361 | G21: 350 | H21: 440 | I21: 670 | J21: 722.5 | K21: 2.7446
A22: =A23+7 -> 46115 | B22: =YEAR(A22) -> 2026 | C22: =MONTH(A22) -> 4 | D22: =0.280558110643*D23 + 0.15041224611*D24 - 0.188812610795*I23 + 0.259276330013*I24 + 0.249001945549*H23 - 0.0911542671384*H24 - 11.8844751787*K23 + 5.64643067713*K24 + 0.185696475006*J23 + 0.247343345212*J24- 3.75210437468 -> 584.56174 | E22: =0.080991528041*E23 + 0.303754553817*E24- 0.25338201366*I23+ 0.269148503584*I24 + 0.00378757678133*H23+ 0.43547234846*H24 - 12.2555082812*K23 + 15.7710625006*K24+ 0.517281394734*J23 - 0.299449478792*J24 - 3.00478655786 -> 503.64918 | F22: 361 | G22: 350 | H22: 415 | I22: 662.5 | J22: 720 | K22: 2.8475
A23: =A24+7 -> 46108 | B23: =YEAR(A23) -> 2026 | C23: =MONTH(A23) -> 3 | D23: =0.280558110643*D24 + 0.15041224611*D25 - 0.188812610795*I24 + 0.259276330013*I25 + 0.249001945549*H24 - 0.0911542671384*H25 - 11.8844751787*K24 + 5.64643067713*K25 + 0.185696475006*J24 + 0.247343345212*J25- 3.75210437468 -> 561.9751 | E23: =0.080991528041*E24 + 0.303754553817*E25- 0.25338201366*I24+ 0.269148503584*I25 + 0.00378757678133*H24+ 0.43547234846*H25 - 12.2555082812*K24 + 15.7710625006*K25+ 0.517281394734*J24 - 0.299449478792*J25 - 3.00478655786 -> 510.99107 | F23: 358 | G23: 332 | H23: 415 | I23: 625 | J23: 632.5 | K23: 2.976 | L23: =AVERAGE(D23:D26) -> 511.74377 | M23: =AVERAGE(E23:E26) -> 476.49777 | N23: =AVERAGE(D23:D26) -> 511.74377 | O23: =AVERAGE(E23:E26) -> 476.49777 | P23: =AVERAGE(H23:H26) -> 395 | Q23: =AVERAGE(I23:I26) -> 582.5 | R23: =AVERAGE(J23:J26) -> 603.75 | S23: =AVERAGE(K23:K26) -> 3.05475
A24: 46101 | B24: =YEAR(A24) -> 2026 | C24: =MONTH(A24) -> 3 | D24: 495 | E24: 465 | F24: 358 | G24: 332 | H24: 415 | I24: 575 | J24: 647.5 | K24: 3.0764
A25: 46094 | B25: =YEAR(A25) -> 2026 | C25: =MONTH(A25) -> 3 | D25: 495 | E25: 465 | F25: 358 | G25: 332 | H25: 375 | I25: 550 | J25: 597.5 | K25: 3.1426
A26: 46087 | B26: =YEAR(A26) -> 2026 | C26: =MONTH(A26) -> 3 | D26: 495 | E26: 465 | F26: 358 | G26: 332 | H26: 375 | I26: 580 | J26: 537.5 | K26: 3.024
A27: 46080 | B27: =YEAR(A27) -> 2026 | C27: =MONTH(A27) -> 2 | D27: =AVERAGEIFS(data!G:G,data!A:A,'monthly-forecast'!B27,data!B:B,'monthly-forecast'!C27) -> 364 | E27: =AVERAGEIFS(data!F:F,data!A:A,'monthly-forecast'!B27,data!B:B,'monthly-forecast'!C27) -> 348 | F27: =D27 -> 364 | G27: =E27 -> 348 | H27: 330 | I27: 480 | J27: 441.5 | K27: 2.911 | L27: =AVERAGE(D27:D30) -> 364 | M27: =AVERAGE(E27:E30) -> 348 | N27: =AVERAGE(D27:D30) -> 364 | O27: =AVERAGE(E27:E30) -> 348 | P27: =AVERAGE(H27:H30) -> 328.125 | Q27: =AVERAGE(I27:I30) -> 493.125 | R27: =AVERAGE(J27:J30) -> 424.375 | S27: =AVERAGE(K27:K30) -> 3.13495
A28: 46073 | B28: =YEAR(A28) -> 2026 | C28: =MONTH(A28) -> 2 | D28: =AVERAGEIFS(data!G:G,data!A:A,'monthly-forecast'!B28,data!B:B,'monthly-forecast'!C28) -> 364 | E28: =AVERAGEIFS(data!F:F,data!A:A,'monthly-forecast'!B28,data!B:B,'monthly-forecast'!C28) -> 348 | F28: =D28 -> 364 | G28: =E28 -> 348 | H28: 330 | I28: 487.5 | J28: 428.5 | K28: 3.0656
A29: 46066 | B29: =YEAR(A29) -> 2026 | C29: =MONTH(A29) -> 2 | D29: =AVERAGEIFS(data!G:G,data!A:A,'monthly-forecast'!B29,data!B:B,'monthly-forecast'!C29) -> 364 | E29: =AVERAGEIFS(data!F:F,data!A:A,'monthly-forecast'!B29,data!B:B,'monthly-forecast'!C29) -> 348 | F29: =D29 -> 364 | G29: =E29 -> 348 | H29: 330 | I29: 495 | J29: 402.5 | K29: 3.1744 | AD29: 46101 | AE29: =AD29+7 -> 46108 | AF29: =AE29+7 -> 46115 | AG29: =AF29+7 -> 46122 | AH29: =AG29+7 -> 46129 | AI29: =AH29+7 -> 46136 | AJ29: =AI29+7 -> 46143 | AK29: =AJ29+7 -> 46150 | AL29: =AK29+7 -> 46157 | ... AR29: =AQ29+7 -> 46199
A30: 46059 | B30: =YEAR(A30) -> 2026 | C30: =MONTH(A30) -> 2 | D30: =AVERAGEIFS(data!G:G,data!A:A,'monthly-forecast'!B30,data!B:B,'monthly-forecast'!C30) -> 364 | E30: =AVERAGEIFS(data!F:F,data!A:A,'monthly-forecast'!B30,data!B:B,'monthly-forecast'!C30) -> 348 | F30: =D30 -> 364 | G30: =E30 -> 348 | H30: 322.5 | I30: 510 | J30: 425 | K30: 3.3888 | AC30: HDAN | AD30: =0.080991528041*E29 + 0.303754553817*E31 - 0.25338201366*I25 + 0.269148503584*I26 + 0.00378757678133*H25 + 0.43547234846*H26 - 12.2555082812*K25 + 15.7710625006*K26 + 0.517281394734*J25 - 0.299449478792*J26 - 3.00478655786 -> 469.04691 | AE30: =0.080991528041*E24 + 0.303754553817*E25 - 0.25338201366*I24 + 0.269148503584*I25 + 0.00378757678133*H24 + 0.43547234846*H25 - 12.2555082812*K24 + 15.7710625006*K25 + 0.517281394734*J24 - 0.299449478792*J25 - 3.00478655786 -> 510.99107 | AF30: =0.080991528041*E23 + 0.303754553817*E24 - 0.25338201366*I23 + 0.269148503584*I24 + 0.00378757678133*H23 + 0.43547234846*H24 - 12.2555082812*K23 + 15.7710625006*K24 + 0.517281394734*J23 - 0.299449478792*J24 - 3.00478655786 -> 503.64918 | AG30: =0.080991528041*E22 + 0.303754553817*E23 - 0.25338201366*I22 + 0.269148503584*I23 + 0.00378757678133*H22 + 0.43547234846*H23 - 12.2555082812*K22 + 15.7710625006*K23 + 0.517281394734*J22 - 0.299449478792*J23 - 3.00478655786 -> 570.72543 | AH30: =0.080991528041*E21 + 0.303754553817*E22 - 0.25338201366*I21 + 0.269148503584*I22 + 0.00378757678133*H21 + 0.43547234846*H22 - 12.2555082812*K21 + 15.7710625006*K22 + 0.517281394734*J21 - 0.299449478792*J22 - 3.00478655786 -> 556.54118 | AI30: =0.080991528041*E20 + 0.303754553817*E21 - 0.25338201366*I20 + 0.269148503584*I21 + 0.00378757678133*H20 + 0.43547234846*H21 - 12.2555082812*K20 + 15.7710625006*K21 + 0.517281394734*J20 - 0.299449478792*J21 - 3.00478655786 -> 577.74491 | AJ30: =0.080991528041*E19 + 0.303754553817*E20 - 0.25338201366*I19 + 0.269148503584*I20 + 0.00378757678133*H19 + 0.43547234846*H20 - 12.2555082812*K19 + 15.7710625006*K20 + 0.517281394734*J19 - 0.299449478792*J20 - 3.00478655786 -> 608.57565 | AK30: =0.080991528041*E18 + 0.303754553817*E19 - 0.25338201366*I18 + 0.269148503584*I19 + 0.00378757678133*H18 + 0.43547234846*H19 - 12.2555082812*K18 + 15.7710625006*K19 + 0.517281394734*J18 - 0.299449478792*J19 - 3.00478655786 -> 619.54952 | AL30: =0.080991528041*E17 + 0.303754553817*E18 - 0.25338201366*I17 + 0.269148503584*I18 + 0.00378757678133*H17 + 0.43547234846*H18 - 12.2555082812*K17 + 15.7710625006*K18 + 0.517281394734*J17 - 0.299449478792*J18 - 3.00478655786 -> 613.19689 | AM30: =0.080991528041*E16 + 0.303754553817*E17 - 0.25338201366*I16 + 0.269148503584*I17 + 0.00378757678133*H16 + 0.43547234846*H17 - 12.2555082812*K16 + 15.7710625006*K17 + 0.517281394734*J16 - 0.299449478792*J17 - 3.00478655786 -> 590.62192 | AN30: =0.080991528041*E15 + 0.303754553817*E16 - 0.25338201366*I15 + 0.269148503584*I16 + 0.00378757678133*H15 + 0.43547234846*H16 - 12.2555082812*K15 + 15.7710625006*K16 + 0.517281394734*J15 - 0.299449478792*J16 - 3.00478655786 -> 587.0861 | AO30: =0.080991528041*E14 + 0.303754553817*E15 - 0.25338201366*I14 + 0.269148503584*I15 + 0.00378757678133*H14 + 0.43547234846*H15 - 12.2555082812*K14 + 15.7710625006*K15 + 0.517281394734*J14 - 0.299449478792*J15 - 3.00478655786 -> 563.95876 | AP30: =0.080991528041*E13 + 0.303754553817*E14 - 0.25338201366*I14 + 0.269148503584*I15 + 0.00378757678133*H14 + 0.43547234846*H15 - 12.2555082812*K13 + 15.7710625006*K14 + 0.517281394734*J14 - 0.299449478792*J15 - 3.00478655786 -> 558.96334 | AQ30: =0.080991528041*E12 + 0.303754553817*E13 - 0.25338201366*I14 + 0.269148503584*I15 + 0.00378757678133*H14 + 0.43547234846*H15 - 12.2555082812*K13 + 15.7710625006*K14 + 0.517281394734*J14 - 0.299449478792*J15 - 3.00478655786 -> 549.0693 | AR30: =0.080991528041*E11 + 0.303754553817*E12 - 0.25338201366*I14 + 0.269148503584*I15 + 0.00378757678133*H14 + 0.43547234846*H15 - 12.2555082812*K13 + 15.7710625006*K14 + 0.517281394734*J14 - 0.299449478792*J15 - 3.00478655786 -> 535.41944
A31: 46052 | B31: =YEAR(A31) -> 2026 | C31: =MONTH(A31) -> 1 | D31: =AVERAGEIFS(data!G:G,data!A:A,'monthly-forecast'!B31,data!B:B,'monthly-forecast'!C31) -> 361 | E31: =AVERAGEIFS(data!F:F,data!A:A,'monthly-forecast'!B31,data!B:B,'monthly-forecast'!C31) -> 346 | F31: =D31 -> 361 | G31: =E31 -> 346 | H31: 322.5 | I31: 520 | J31: 410 | K31: 5.8972 | L31: =AVERAGE(D11:D35) -> 528.7196 | M31: =AVERAGE(E11:E35) -> 473.64122 | N31: =AVERAGE(D11:D35) -> 528.7196 | O31: =AVERAGE(E11:E35) -> 473.64122 | P31: =AVERAGE(H11:H35) -> 397.7 | Q31: =AVERAGE(I11:I35) -> 635 | R31: =AVERAGE(J11:J35) -> 531.66 | S31: =AVERAGE(K11:K35) -> 3.218818 | AE31: =AE30-AD30 -> 41.944162 | AF31: =AF30-AE30 -> -7.3418932 | AG31: =AG30-AF30 -> 67.076248 | AH31: =AH30-AG30 -> -14.184248 | AI31: =AI30-AH30 -> 21.203737 | AJ31: =AJ30-AI30 -> 30.830731 | AK31: =AK30-AJ30 -> 10.973877 | AL31: =AL30-AK30 -> -6.3526324 | ... AP31: =AP30-AO30 -> -4.9954229
A32: 46045 | B32: =YEAR(A32) -> 2026 | C32: =MONTH(A32) -> 1 | D32: =AVERAGEIFS(data!G:G,data!A:A,'monthly-forecast'!B32,data!B:B,'monthly-forecast'!C32) -> 361 | E32: =AVERAGEIFS(data!F:F,data!A:A,'monthly-forecast'!B32,data!B:B,'monthly-forecast'!C32) -> 346 | F32: =D32 -> 361 | G32: =E32 -> 346 | H32: 277.5 | I32: 520 | J32: 386 | K32: 4.441
A33: 46038 | B33: =YEAR(A33) -> 2026 | C33: =MONTH(A33) -> 1 | D33: =AVERAGEIFS(data!G:G,data!A:A,'monthly-forecast'!B33,data!B:B,'monthly-forecast'!C33) -> 361 | E33: =AVERAGEIFS(data!F:F,data!A:A,'monthly-forecast'!B33,data!B:B,'monthly-forecast'!C33) -> 346 | F33: =D33 -> 361 | G33: =E33 -> 346 | H33: 277.5 | I33: 520 | J33: 374.5 | K33: 3.2358
A34: 46031 | B34: =YEAR(A34) -> 2026 | C34: =MONTH(A34) -> 1 | D34: =AVERAGEIFS(data!G:G,data!A:A,'monthly-forecast'!B34,data!B:B,'monthly-forecast'!C34) -> 361 | E34: =AVERAGEIFS(data!F:F,data!A:A,'monthly-forecast'!B34,data!B:B,'monthly-forecast'!C34) -> 346 | F34: =D34 -> 361 | G34: =E34 -> 346 | H34: 262.5 | I34: 520 | J34: 368.5 | K34: 3.3948 | AC34: PPAN | AD34: =0.280558110643*D28 + 0.15041224611*D31 - 0.188812610795*I25 + 0.259276330013*I26 + 0.249001945549*H25 - 0.0911542671384*H26- 11.8844751787*K25+ 5.64643067713*K26 + 0.185696475006*J25 + 0.247343345212*J26 - 3.75210437468 -> 482.02343 | AE34: =0.280558110643*D26+0.15041224611*D25-0.188812610795*I25+0.259276330013*I24+0.249001945549*H25-0.0911542671384*H24-11.8844751787*K25+5.64643067713*K24+ 0.185696475006*J24+ 0.247343345212*J25 - 3.75210437468 -> 558.41053 | AF34: =0.280558110643*D24+0.15041224611*D23-0.188812610795*I24+0.259276330013*I23+0.249001945549*H24-0.0911542671384*H23-11.8844751787*K24+5.64643067713*K23+ 0.185696475006*J23+ 0.247343345212*J24 - 3.75210437468 -> 596.48955 | AG34: =0.280558110643*D23+0.15041224611*D22-0.188812610795*I23+0.259276330013*I22+0.249001945549*H23-0.0911542671384*H22-11.8844751787*K23+5.64643067713*K22+ 0.185696475006*J22+ 0.247343345212*J23 - 3.75210437468 -> 631.96543 | AH34: =0.280558110643*D22+0.15041224611*D21-0.188812610795*I22+0.259276330013*I21+0.249001945549*H22-0.0911542671384*H21-11.8844751787*K22+5.64643067713*K21+ 0.185696475006*J21+ 0.247343345212*J22 - 3.75210437468 -> 659.32411 | AI34: =0.280558110643*D21+0.15041224611*D20-0.188812610795*I21+0.259276330013*I20+0.249001945549*H21-0.0911542671384*H20-11.8844751787*K21+5.64643067713*K20+ 0.185696475006*J20+ 0.247343345212*J21 - 3.75210437468 -> 684.35684 | AJ34: =0.280558110643*D20+0.15041224611*D19-0.188812610795*I20+0.259276330013*I19+0.249001945549*H20-0.0911542671384*H19-11.8844751787*K20+5.64643067713*K19+ 0.185696475006*J19+ 0.247343345212*J20 - 3.75210437468 -> 709.17086 | AK34: =0.280558110643*D19+0.15041224611*D18-0.188812610795*I19+0.259276330013*I18+0.249001945549*H19-0.0911542671384*H18-11.8844751787*K19+5.64643067713*K18+ 0.185696475006*J18+ 0.247343345212*J19 - 3.75210437468 -> 748.10893 | AL34: =0.280558110643*D18+0.15041224611*D17-0.188812610795*I18+0.259276330013*I17+0.249001945549*H18-0.0911542671384*H17-11.8844751787*K18+5.64643067713*K17+ 0.185696475006*J17+ 0.247343345212*J18 - 3.75210437468 -> 731.26445 | AM34: =0.280558110643*D17+0.15041224611*D16-0.188812610795*I17+0.259276330013*I16+0.249001945549*H17-0.0911542671384*H16-11.8844751787*K17+5.64643067713*K16+ 0.185696475006*J16+ 0.247343345212*J17 - 3.75210437468 -> 704.79139 | AN34: =0.280558110643*D16+0.15041224611*D15-0.188812610795*I16+0.259276330013*I15+0.249001945549*H16-0.0911542671384*H15-11.8844751787*K16+5.64643067713*K15+ 0.185696475006*J15+ 0.247343345212*J16 - 3.75210437468 -> 681.96865 | AO34: =0.280558110643*D15+0.15041224611*D14-0.188812610795*I15+0.259276330013*I14+0.249001945549*H15-0.0911542671384*H14-11.8844751787*K15+5.64643067713*K14+ 0.185696475006*J14+ 0.247343345212*J15 - 3.75210437468 -> 667.5892 | AP34: =0.280558110643*D14+0.15041224611*D13-0.188812610795*I15+0.259276330013*I14+0.249001945549*H15-0.0911542671384*H14-11.8844751787*K14+5.64643067713*K13+ 0.185696475006*J14+ 0.247343345212*J15 - 3.75210437468 -> 654.44172 | AQ34: =0.280558110643*D13+0.15041224611*D12-0.188812610795*I15+0.259276330013*I14+0.249001945549*H15-0.0911542671384*H14-11.8844751787*K14+5.64643067713*K13+ 0.185696475006*J14+ 0.247343345212*J15 - 3.75210437468 -> 637.91019 | AR34: =0.280558110643*D12+0.15041224611*D11-0.188812610795*I15+0.259276330013*I14+0.249001945549*H15-0.0911542671384*H14-11.8844751787*K14+5.64643067713*K13+ 0.185696475006*J14+ 0.247343345212*J15 - 3.75210437468 -> 620.81299
A35: 46024 | B35: =YEAR(A35) -> 2026 | C35: =MONTH(A35) -> 1 | D35: =AVERAGEIFS(data!G:G,data!A:A,'monthly-forecast'!B35,data!B:B,'monthly-forecast'!C35) -> 361 | E35: =AVERAGEIFS(data!F:F,data!A:A,'monthly-forecast'!B35,data!B:B,'monthly-forecast'!C35) -> 346 | F35: =D35 -> 361 | G35: =E35 -> 346 | H35: 262.5 | I35: 520 | J35: 355 | K35: 3.99075 | AE35: =AE34-AD34 -> 76.387099 | AF35: =AF34-AE34 -> 38.079025 | AG35: =AG34-AF34 -> 35.475873 | AH35: =AH34-AG34 -> 27.35868 | AI35: =AI34-AH34 -> 25.032732 | AJ35: =AJ34-AI34 -> 24.814021 | AK35: =AK34-AJ34 -> 38.938073 | AL35: =AL34-AK34 -> -16.844485 | ... AP35: =AP34-AO34 -> -13.147489
A36: 46017 | B36: =YEAR(A36) -> 2025 | C36: =MONTH(A36) -> 12 | D36: =AVERAGEIFS(data!G:G,data!A:A,'monthly-forecast'!B36,data!B:B,'monthly-forecast'!C36) -> 360 | E36: =AVERAGEIFS(data!F:F,data!A:A,'monthly-forecast'!B36,data!B:B,'monthly-forecast'!C36) -> 328 | F36: =D36 -> 360 | G36: =E36 -> 328 | H36: 262.5 | I36: 500 | J36: 342.5 | K36: 4.24525 | L36: =AVERAGE(D36:D39) -> 360 | M36: =AVERAGE(E36:E39) -> 328 | N36: =AVERAGE(D36:D39) -> 360 | O36: =AVERAGE(E36:E39) -> 328 | P36: =AVERAGE(H36:H39) -> 258.75 | Q36: =AVERAGE(I36:I39) -> 496.875 | R36: =AVERAGE(J36:J39) -> 346.25 | S36: =AVERAGE(K36:K39) -> 4.4286625 | AE36: =AE34-AE30 -> 47.419458 | AF36: =AF34-AF30 -> 92.840376 | AG36: =AG34-AG30 -> 61.240002 | AH36: =AH34-AH30 -> 102.78293 | AI36: =AI34-AI30 -> 106.61192
A37: 46010 | B37: =YEAR(A37) -> 2025 | C37: =MONTH(A37) -> 12 | D37: =AVERAGEIFS(data!G:G,data!A:A,'monthly-forecast'!B37,data!B:B,'monthly-forecast'!C37) -> 360 | E37: =AVERAGEIFS(data!F:F,data!A:A,'monthly-forecast'!B37,data!B:B,'monthly-forecast'!C37) -> 328 | F37: =D37 -> 360 | G37: =E37 -> 328 | H37: 262.5 | I37: 500 | J37: 342.5 | K37: 3.9628
A38: 46003 | B38: =YEAR(A38) -> 2025 | C38: =MONTH(A38) -> 12 | D38: =AVERAGEIFS(data!G:G,data!A:A,'monthly-forecast'!B38,data!B:B,'monthly-forecast'!C38) -> 360 | E38: =AVERAGEIFS(data!F:F,data!A:A,'monthly-forecast'!B38,data!B:B,'monthly-forecast'!C38) -> 328 | F38: =D38 -> 360 | G38: =E38 -> 328 | H38: 255 | I38: 500 | J38: 340 | K38: 4.485 | AC38: PPAN = 0.280558110643*PPAN(-1) + 0.15041224611*PPAN(-2) - 0.188812610795*AMMONIA(-1) + 0.259276330013*AMMONIA(-2) + 0.249001945549*BALTIC_AN(-1) - 0.0911542671384*BALTIC_AN(-2) - 11.8844751787*NATURAL_GAS(-1) + 5.64643067713*NATURAL_GAS(-2) + 0.185696475006*UREA(-1) + 0.247343345212*UREA(-2) - 3.75210437468
A39: 45996 | B39: =YEAR(A39) -> 2025 | C39: =MONTH(A39) -> 12 | D39: =AVERAGEIFS(data!G:G,data!A:A,'monthly-forecast'!B39,data!B:B,'monthly-forecast'!C39) -> 360 | E39: =AVERAGEIFS(data!F:F,data!A:A,'monthly-forecast'!B39,data!B:B,'monthly-forecast'!C39) -> 328 | F39: =D39 -> 360 | G39: =E39 -> 328 | H39: 255 | I39: 487.5 | J39: 360 | K39: 5.0216
A40: 45989 | B40: =YEAR(A40) -> 2025 | C40: =MONTH(A40) -> 11 | D40: =AVERAGEIFS(data!G:G,data!A:A,'monthly-forecast'!B40,data!B:B,'monthly-forecast'!C40) -> 360 | E40: =AVERAGEIFS(data!F:F,data!A:A,'monthly-forecast'!B40,data!B:B,'monthly-forecast'!C40) -> 328 | F40: =D40 -> 360 | G40: =E40 -> 328 | H40: 255 | I40: 475 | J40: 363 | K40: 4.59525 | L40: =AVERAGE(D40:D43) -> 360 | M40: =AVERAGE(E40:E43) -> 328 | N40: =AVERAGE(D40:D43) -> 360 | O40: =AVERAGE(E40:E43) -> 328 | P40: =AVERAGE(H40:H43) -> 247.5 | Q40: =AVERAGE(I40:I43) -> 448.75 | R40: =AVERAGE(J40:J43) -> 367.75 | S40: =AVERAGE(K40:K43) -> 4.4736625
A41: 45982 | B41: =YEAR(A41) -> 2025 | C41: =MONTH(A41) -> 11 | D41: =AVERAGEIFS(data!G:G,data!A:A,'monthly-forecast'!B41,data!B:B,'monthly-forecast'!C41) -> 360 | E41: =AVERAGEIFS(data!F:F,data!A:A,'monthly-forecast'!B41,data!B:B,'monthly-forecast'!C41) -> 328 | F41: =D41 -> 360 | G41: =E41 -> 328 | H41: 242.5 | I41: 470 | J41: 363 | K41: 4.4672
A42: 45975 | B42: =YEAR(A42) -> 2025 | C42: =MONTH(A42) -> 11 | D42: =AVERAGEIFS(data!G:G,data!A:A,'monthly-forecast'!B42,data!B:B,'monthly-forecast'!C42) -> 360 | E42: =AVERAGEIFS(data!F:F,data!A:A,'monthly-forecast'!B42,data!B:B,'monthly-forecast'!C42) -> 328 | F42: =D42 -> 360 | G42: =E42 -> 328 | H42: 242.5 | I42: 425 | J42: 372.5 | K42: 4.5296
A43: 45968 | B43: =YEAR(A43) -> 2025 | C43: =MONTH(A43) -> 11 | D43: =AVERAGEIFS(data!G:G,data!A:A,'monthly-forecast'!B43,data!B:B,'monthly-forecast'!C43) -> 360 | E43: =AVERAGEIFS(data!F:F,data!A:A,'monthly-forecast'!B43,data!B:B,'monthly-forecast'!C43) -> 328 | F43: =D43 -> 360 | G43: =E43 -> 328 | H43: 250 | I43: 425 | J43: 372.5 | K43: 4.3026
A44: 45961 | B44: =YEAR(A44) -> 2025 | C44: =MONTH(A44) -> 10 | D44: =AVERAGEIFS(data!G:G,data!A:A,'monthly-forecast'!B44,data!B:B,'monthly-forecast'!C44) -> 411 | E44: =AVERAGEIFS(data!F:F,data!A:A,'monthly-forecast'!B44,data!B:B,'monthly-forecast'!C44) -> 375 | F44: =D44 -> 411 | G44: =E44 -> 375 | H44: 250 | I44: 425 | J44: 370 | K44: 3.6486 | L44: =AVERAGE(D44:D48) -> 411 | M44: =AVERAGE(E44:E48) -> 375 | N44: =AVERAGE(D44:D48) -> 411 | O44: =AVERAGE(E44:E48) -> 375 | P44: =AVERAGE(H44:H48) -> 245 | Q44: =AVERAGE(I44:I48) -> 400 | R44: =AVERAGE(J44:J48) -> 365.5 | S44: =AVERAGE(K44:K48) -> 3.3478
A45: 45954 | B45: =YEAR(A45) -> 2025 | C45: =MONTH(A45) -> 10 | D45: =AVERAGEIFS(data!G:G,data!A:A,'monthly-forecast'!B45,data!B:B,'monthly-forecast'!C45) -> 411 | E45: =AVERAGEIFS(data!F:F,data!A:A,'monthly-forecast'!B45,data!B:B,'monthly-forecast'!C45) -> 375 | F45: =D45 -> 411 | G45: =E45 -> 375 | H45: 250 | I45: 412.5 | J45: 352.5 | K45: 3.3938
A46: 45947 | B46: =YEAR(A46) -> 2025 | C46: =MONTH(A46) -> 10 | D46: =AVERAGEIFS(data!G:G,data!A:A,'monthly-forecast'!B46,data!B:B,'monthly-forecast'!C46) -> 411 | E46: =AVERAGEIFS(data!F:F,data!A:A,'monthly-forecast'!B46,data!B:B,'monthly-forecast'!C46) -> 375 | F46: =D46 -> 411 | G46: =E46 -> 375 | H46: 232.5 | I46: 402.5 | J46: 362.5 | K46: 3.0216
A47: 45940 | B47: =YEAR(A47) -> 2025 | C47: =MONTH(A47) -> 10 | D47: =AVERAGEIFS(data!G:G,data!A:A,'monthly-forecast'!B47,data!B:B,'monthly-forecast'!C47) -> 411 | E47: =AVERAGEIFS(data!F:F,data!A:A,'monthly-forecast'!B47,data!B:B,'monthly-forecast'!C47) -> 375 | F47: =D47 -> 411 | G47: =E47 -> 375 | H47: 237.5 | I47: 380 | J47: 370 | K47: 3.3126 | AC47: 2026 оны 5-р сарын 29-ны өдрийн Bloomberg Terminal үнийн өөрчлөлт: Baltic AN 467.5$ өмнөх долоо хоногоос 6.5% бууралттай, өмнөх сараас 8.3% бууралттай, өмнөх мөн үеэс 122.6% өсөлттэй байна. Ammonia 800$ өмнөх долоо хоногоос 4.9% өсөлттэй, өмнөх сараас 8.9% өсөлттэй, өмнөх мөн үеэс 152.1% өсөлттэй байна. UREA 545$ өмнөх долоо хоногоос 6.4% бууралттай, өмнөх сараас 24% бууралттай, өмнөх мөн үеэс 53.5% өсөлттэй байна. Natural gas 3.03$ өмнөх долоо хоногоос 0.3% өсөлттэй, өмнөх сараас 16.1% өсөлттэй, өмнөх мөн үеэс 10.7% бууралттай байна. 2026 оны 6-р сарын 5-ны өдрийн АН-ийн үнийн хамаарлын таамаглал PPAN: 670.92 HDAN:563.96 байна. PPAN 670.92$ өмнөх долоо хоногоос 2% бууралттай, өмнөх сараас 2.8% бууралттай, өмнөх мөн үеэс 110.7% өсөлттэй байна. HDAN 563.96$ өмнөх долоо хоногоос 3.9% бууралттай, өмнөх сараас 3.5% бууралттай, өмнөх мөн үеэс 82.9% өсөлттэй байна.
A48: 45933 | B48: =YEAR(A48) -> 2025 | C48: =MONTH(A48) -> 10 | D48: =AVERAGEIFS(data!G:G,data!A:A,'monthly-forecast'!B48,data!B:B,'monthly-forecast'!C48) -> 411 | E48: =AVERAGEIFS(data!F:F,data!A:A,'monthly-forecast'!B48,data!B:B,'monthly-forecast'!C48) -> 375 | F48: =D48 -> 411 | G48: =E48 -> 375 | H48: 255 | I48: 380 | J48: 372.5 | K48: 3.3624
A49: 45926 | B49: =YEAR(A49) -> 2025 | C49: =MONTH(A49) -> 9 | D49: =AVERAGEIFS(data!G:G,data!A:A,'monthly-forecast'!B49,data!B:B,'monthly-forecast'!C49) -> 391 | E49: =AVERAGEIFS(data!F:F,data!A:A,'monthly-forecast'!B49,data!B:B,'monthly-forecast'!C49) -> 373 | F49: =D49 -> 391 | G49: =E49 -> 373 | H49: 265 | I49: 375 | J49: 377.5 | K49: 2.8512 | L49: =AVERAGE(D49:D52) -> 391 | M49: =AVERAGE(E49:E52) -> 373 | N49: =AVERAGE(D49:D52) -> 391 | O49: =AVERAGE(E49:E52) -> 373 | P49: =AVERAGE(H49:H52) -> 280.625 | Q49: =AVERAGE(I49:I52) -> 352.5 | R49: =AVERAGE(J49:J52) -> 388.625 | S49: =AVERAGE(K49:K52) -> 2.9841875
A50: 45919 | B50: =YEAR(A50) -> 2025 | C50: =MONTH(A50) -> 9 | D50: =AVERAGEIFS(data!G:G,data!A:A,'monthly-forecast'!B50,data!B:B,'monthly-forecast'!C50) -> 391 | E50: =AVERAGEIFS(data!F:F,data!A:A,'monthly-forecast'!B50,data!B:B,'monthly-forecast'!C50) -> 373 | F50: =D50 -> 391 | G50: =E50 -> 373 | H50: 275 | I50: 362.5 | J50: 387.5 | K50: 3.0146
A51: 45912 | B51: =YEAR(A51) -> 2025 | C51: =MONTH(A51) -> 9 | D51: =AVERAGEIFS(data!G:G,data!A:A,'monthly-forecast'!B51,data!B:B,'monthly-forecast'!C51) -> 391 | E51: =AVERAGEIFS(data!F:F,data!A:A,'monthly-forecast'!B51,data!B:B,'monthly-forecast'!C51) -> 373 | F51: =D51 -> 391 | G51: =E51 -> 373 | H51: 287.5 | I51: 345 | J51: 382 | K51: 3.0222
A52: 45905 | B52: =YEAR(A52) -> 2025 | C52: =MONTH(A52) -> 9 | D52: =AVERAGEIFS(data!G:G,data!A:A,'monthly-forecast'!B52,data!B:B,'monthly-forecast'!C52) -> 391 | E52: =AVERAGEIFS(data!F:F,data!A:A,'monthly-forecast'!B52,data!B:B,'monthly-forecast'!C52) -> 373 | F52: =D52 -> 391 | G52: =E52 -> 373 | H52: 295 | I52: 327.5 | J52: 407.5 | K52: 3.04875
A53: 45898 | B53: =YEAR(A53) -> 2025 | C53: =MONTH(A53) -> 8 | D53: =AVERAGEIFS(data!G:G,data!A:A,'monthly-forecast'!B53,data!B:B,'monthly-forecast'!C53) -> 370 | E53: =AVERAGEIFS(data!F:F,data!A:A,'monthly-forecast'!B53,data!B:B,'monthly-forecast'!C53) -> 370 | F53: =D53 -> 370 | G53: =E53 -> 370 | H53: 305 | I53: 327.5 | J53: 440 | K53: 2.8442 | L53: =AVERAGE(D53:D57) -> 370 | M53: =AVERAGE(E53:E57) -> 370 | N53: =AVERAGE(D53:D57) -> 370 | O53: =AVERAGE(E53:E57) -> 370 | P53: =AVERAGE(H53:H57) -> 308.7 | Q53: =AVERAGE(I53:I57) -> 323.5 | R53: =AVERAGE(J53:J57) -> 443.8 | S53: =AVERAGE(K53:K57) -> 2.91516
A54: 45891 | B54: =YEAR(A54) -> 2025 | C54: =MONTH(A54) -> 8 | D54: =AVERAGEIFS(data!G:G,data!A:A,'monthly-forecast'!B54,data!B:B,'monthly-forecast'!C54) -> 370 | E54: =AVERAGEIFS(data!F:F,data!A:A,'monthly-forecast'!B54,data!B:B,'monthly-forecast'!C54) -> 370 | F54: =D54 -> 370 | G54: =E54 -> 370 | H54: 310 | I54: 325 | J54: 444.5 | K54: 2.7864
A55: 45884 | B55: =YEAR(A55) -> 2025 | C55: =MONTH(A55) -> 8 | D55: =AVERAGEIFS(data!G:G,data!A:A,'monthly-forecast'!B55,data!B:B,'monthly-forecast'!C55) -> 370 | E55: =AVERAGEIFS(data!F:F,data!A:A,'monthly-forecast'!B55,data!B:B,'monthly-forecast'!C55) -> 370 | F55: =D55 -> 370 | G55: =E55 -> 370 | H55: 313.5 | I55: 325 | J55: 447 | K55: 2.8694
A56: 45877 | B56: =YEAR(A56) -> 2025 | C56: =MONTH(A56) -> 8 | D56: =AVERAGEIFS(data!G:G,data!A:A,'monthly-forecast'!B56,data!B:B,'monthly-forecast'!C56) -> 370 | E56: =AVERAGEIFS(data!F:F,data!A:A,'monthly-forecast'!B56,data!B:B,'monthly-forecast'!C56) -> 370 | F56: =D56 -> 370 | G56: =E56 -> 370 | H56: 297.5 | I56: 325 | J56: 447.5 | K56: 3.0152
A57: 45870 | B57: =YEAR(A57) -> 2025 | C57: =MONTH(A57) -> 8 | D57: =AVERAGEIFS(data!G:G,data!A:A,'monthly-forecast'!B57,data!B:B,'monthly-forecast'!C57) -> 370 | E57: =AVERAGEIFS(data!F:F,data!A:A,'monthly-forecast'!B57,data!B:B,'monthly-forecast'!C57) -> 370 | F57: =D57 -> 370 | G57: =E57 -> 370 | H57: 317.5 | I57: 315 | J57: 440 | K57: 3.0606
A58: 45863 | B58: =YEAR(A58) -> 2025 | C58: =MONTH(A58) -> 7 | D58: =AVERAGEIFS(data!G:G,data!A:A,'monthly-forecast'!B58,data!B:B,'monthly-forecast'!C58) -> 320 | E58: =AVERAGEIFS(data!F:F,data!A:A,'monthly-forecast'!B58,data!B:B,'monthly-forecast'!C58) -> 308 | F58: =D58 -> 320 | G58: =E58 -> 308 | H58: 320 | I58: 315 | J58: 428 | K58: 3.1716 | L58: =AVERAGE(D58:D61) -> 320 | M58: =AVERAGE(E58:E61) -> 308 | N58: =AVERAGE(D58:D61) -> 320 | O58: =AVERAGE(E58:E61) -> 308 | P58: =AVERAGE(H58:H61) -> 313.75 | Q58: =AVERAGE(I58:I61) -> 305 | R58: =AVERAGE(J58:J61) -> 417.75 | S58: =AVERAGE(K58:K61) -> 3.3666
A59: 45856 | B59: =YEAR(A59) -> 2025 | C59: =MONTH(A59) -> 7 | D59: =AVERAGEIFS(data!G:G,data!A:A,'monthly-forecast'!B59,data!B:B,'monthly-forecast'!C59) -> 320 | E59: =AVERAGEIFS(data!F:F,data!A:A,'monthly-forecast'!B59,data!B:B,'monthly-forecast'!C59) -> 308 | F59: =D59 -> 320 | G59: =E59 -> 308 | H59: 320 | I59: 307.5 | J59: 443 | K59: 3.5294
A60: 45849 | B60: =YEAR(A60) -> 2025 | C60: =MONTH(A60) -> 7 | D60: =AVERAGEIFS(data!G:G,data!A:A,'monthly-forecast'!B60,data!B:B,'monthly-forecast'!C60) -> 320 | E60: =AVERAGEIFS(data!F:F,data!A:A,'monthly-forecast'!B60,data!B:B,'monthly-forecast'!C60) -> 308 | F60: =D60 -> 320 | G60: =E60 -> 308 | H60: 307.5 | I60: 307.5 | J60: 405 | K60: 3.3234
A61: 45842 | B61: =YEAR(A61) -> 2025 | C61: =MONTH(A61) -> 7 | D61: =AVERAGEIFS(data!G:G,data!A:A,'monthly-forecast'!B61,data!B:B,'monthly-forecast'!C61) -> 320 | E61: =AVERAGEIFS(data!F:F,data!A:A,'monthly-forecast'!B61,data!B:B,'monthly-forecast'!C61) -> 308 | F61: =D61 -> 320 | G61: =E61 -> 308 | H61: 307.5 | I61: 290 | J61: 395 | K61: 3.442
A62: 45835 | B62: =YEAR(A62) -> 2025 | C62: =MONTH(A62) -> 6 | D62: =AVERAGEIFS(data!G:G,data!A:A,'monthly-forecast'!B62,data!B:B,'monthly-forecast'!C62) -> 315 | E62: =AVERAGEIFS(data!F:F,data!A:A,'monthly-forecast'!B62,data!B:B,'monthly-forecast'!C62) -> 308 | F62: =D62 -> 315 | G62: =E62 -> 308 | H62: 300 | I62: 290 | J62: 432.5 | K62: 3.5282 | L62: =AVERAGE(D62:D65) -> 315 | M62: =AVERAGE(E62:E65) -> 308 | N62: =AVERAGE(D62:D65) -> 315 | O62: =AVERAGE(E62:E65) -> 308 | P62: =AVERAGE(H62:H65) -> 244.375 | Q62: =AVERAGE(I62:I65) -> 290 | R62: =AVERAGE(J62:J65) -> 382.5 | S62: =AVERAGE(K62:K65) -> 3.6637875
A63: 45828 | B63: =YEAR(A63) -> 2025 | C63: =MONTH(A63) -> 6 | D63: =AVERAGEIFS(data!G:G,data!A:A,'monthly-forecast'!B63,data!B:B,'monthly-forecast'!C63) -> 315 | E63: =AVERAGEIFS(data!F:F,data!A:A,'monthly-forecast'!B63,data!B:B,'monthly-forecast'!C63) -> 308 | F63: =D63 -> 315 | G63: =E63 -> 308 | H63: 230 | I63: 290 | J63: 392.5 | K63: 3.85875
A64: 45821 | B64: =YEAR(A64) -> 2025 | C64: =MONTH(A64) -> 6 | D64: =AVERAGEIFS(data!G:G,data!A:A,'monthly-forecast'!B64,data!B:B,'monthly-forecast'!C64) -> 315 | E64: =AVERAGEIFS(data!F:F,data!A:A,'monthly-forecast'!B64,data!B:B,'monthly-forecast'!C64) -> 308 | F64: =D64 -> 315 | G64: =E64 -> 308 | H64: 230 | I64: 290 | J64: 352.5 | K64: 3.5496
A65: 45814 | B65: =YEAR(A65) -> 2025 | C65: =MONTH(A65) -> 6 | D65: =AVERAGEIFS(data!G:G,data!A:A,'monthly-forecast'!B65,data!B:B,'monthly-forecast'!C65) -> 315 | E65: =AVERAGEIFS(data!F:F,data!A:A,'monthly-forecast'!B65,data!B:B,'monthly-forecast'!C65) -> 308 | F65: =D65 -> 315 | G65: =E65 -> 308 | H65: 217.5 | I65: 290 | J65: 352.5 | K65: 3.7186
A66: 45807 | B66: =YEAR(A66) -> 2025 | C66: =MONTH(A66) -> 5 | D66: =AVERAGEIFS(data!G:G,data!A:A,'monthly-forecast'!B66,data!B:B,'monthly-forecast'!C66) -> 325 | E66: =AVERAGEIFS(data!F:F,data!A:A,'monthly-forecast'!B66,data!B:B,'monthly-forecast'!C66) -> 321 | F66: =D66 -> 325 | G66: =E66 -> 321 | H66: 210 | I66: 302.5 | J66: 355 | K66: 3.39275 | L66: =AVERAGE(D66:D70) -> 325 | M66: =AVERAGE(E66:E70) -> 321 | N66: =AVERAGE(D66:D70) -> 325 | O66: =AVERAGE(E66:E70) -> 321 | P66: =AVERAGE(H66:H70) -> 214.5 | Q66: =AVERAGE(I66:I70) -> 302.5 | R66: =AVERAGE(J66:J70) -> 351 | S66: =AVERAGE(K66:K70) -> 3.43807
A67: 45800 | B67: =YEAR(A67) -> 2025 | C67: =MONTH(A67) -> 5 | D67: =AVERAGEIFS(data!G:G,data!A:A,'monthly-forecast'!B67,data!B:B,'monthly-forecast'!C67) -> 325 | E67: =AVERAGEIFS(data!F:F,data!A:A,'monthly-forecast'!B67,data!B:B,'monthly-forecast'!C67) -> 321 | F67: =D67 -> 325 | G67: =E67 -> 321 | H67: 217.5 | I67: 302.5 | J67: 355 | K67: 3.299
A68: 45793 | B68: =YEAR(A68) -> 2025 | C68: =MONTH(A68) -> 5 | D68: =AVERAGEIFS(data!G:G,data!A:A,'monthly-forecast'!B68,data!B:B,'monthly-forecast'!C68) -> 325 | E68: =AVERAGEIFS(data!F:F,data!A:A,'monthly-forecast'!B68,data!B:B,'monthly-forecast'!C68) -> 321 | F68: =D68 -> 325 | G68: =E68 -> 321 | H68: 215 | I68: 302.5 | J68: 350 | K68: 3.4962
A69: 45786 | B69: =YEAR(A69) -> 2025 | C69: =MONTH(A69) -> 5 | D69: =AVERAGEIFS(data!G:G,data!A:A,'monthly-forecast'!B69,data!B:B,'monthly-forecast'!C69) -> 325 | E69: =AVERAGEIFS(data!F:F,data!A:A,'monthly-forecast'!B69,data!B:B,'monthly-forecast'!C69) -> 321 | F69: =D69 -> 325 | G69: =E69 -> 321 | H69: 215 | I69: 302.5 | J69: 347.5 | K69: 3.6042
A70: 45779 | B70: =YEAR(A70) -> 2025 | C70: =MONTH(A70) -> 5 | D70: =AVERAGEIFS(data!G:G,data!A:A,'monthly-forecast'!B70,data!B:B,'monthly-forecast'!C70) -> 325 | E70: =AVERAGEIFS(data!F:F,data!A:A,'monthly-forecast'!B70,data!B:B,'monthly-forecast'!C70) -> 321 | F70: =D70 -> 325 | G70: =E70 -> 321 | H70: 215 | I70: 302.5 | J70: 347.5 | K70: 3.3982
A71: 45772 | B71: =YEAR(A71) -> 2025 | C71: =MONTH(A71) -> 4 | D71: =AVERAGEIFS(data!G:G,data!A:A,'monthly-forecast'!B71,data!B:B,'monthly-forecast'!C71) -> 315 | E71: =AVERAGEIFS(data!F:F,data!A:A,'monthly-forecast'!B71,data!B:B,'monthly-forecast'!C71) -> 305 | F71: =D71 -> 315 | G71: =E71 -> 305 | H71: 220 | I71: 302.5 | J71: 345 | K71: 2.9824 | L71: =AVERAGE(D71:D74) -> 315 | M71: =AVERAGE(E71:E74) -> 305 | N71: =AVERAGE(D71:D74) -> 315 | O71: =AVERAGE(E71:E74) -> 305 | P71: =AVERAGE(H71:H74) -> 224.375 | Q71: =AVERAGE(I71:I74) -> 302.5 | R71: =AVERAGE(J71:J74) -> 341.25 | S71: =AVERAGE(K71:K74) -> 3.473225
A72: 45765 | B72: =YEAR(A72) -> 2025 | C72: =MONTH(A72) -> 4 | D72: =AVERAGEIFS(data!G:G,data!A:A,'monthly-forecast'!B72,data!B:B,'monthly-forecast'!C72) -> 315 | E72: =AVERAGEIFS(data!F:F,data!A:A,'monthly-forecast'!B72,data!B:B,'monthly-forecast'!C72) -> 305 | F72: =D72 -> 315 | G72: =E72 -> 305 | H72: 227.5 | I72: 302.5 | J72: 345 | K72: 3.2865
A73: 45758 | B73: =YEAR(A73) -> 2025 | C73: =MONTH(A73) -> 4 | D73: =AVERAGEIFS(data!G:G,data!A:A,'monthly-forecast'!B73,data!B:B,'monthly-forecast'!C73) -> 315 | E73: =AVERAGEIFS(data!F:F,data!A:A,'monthly-forecast'!B73,data!B:B,'monthly-forecast'!C73) -> 305 | F73: =D73 -> 315 | G73: =E73 -> 305 | H73: 227.5 | I73: 302.5 | J73: 345 | K73: 3.604
